Rank,shopImgSrc,shopName,targetAge,concept
HOT,https://img.sta1.com/_up/store/2019/12/20/1576816937393.jpg,로댄티,"10대,20대",트랜드·캐쥬얼
HOT,https://img.sta1.com/_up/store/2020/05/04/1588564044799.jpg,컨슬핏,20대,댄디·심플
HOT,https://img.sta1.com/_up/shop/logo/2019/07/1562650322639_mi.jpg,제이브로스,"20대,30대",트랜드·캐쥬얼
HOT,https://img.sta1.com/_up/store/2020/05/04/1588564130059.jpg,꼰스,"10대,20대",유니크·빈티지
HOT,https://img.sta1.com/_up/store/2020/05/04/1588564209941.jpg,후쿠부쿠로,"20대,30대",유니크·빈티지
HOT,https://img.sta1.com/_up/shop/logo/2019/04/1554190763378_mi.jpg,바이모노,"20대,30대",빅사이즈
HOT,https://img.sta1.com/_up/shop/logo/2017/06/1498809330048_mi.jpg,애즈클로,"10대,20대",트랜드·캐쥬얼
HOT,https://img.sta1.com/_up/store/2020/05/08/1588909986071.jpg,블랑토,"10대,20대,30대",댄디·심플
HOT,https://img.sta1.com/_up/store/2020/05/11/1589178807578.jpg,밸류,"20대,30대",댄디·심플
1위,https://img.sta1.com/_up/shop/logo/2017/06/1498809134396_mi.jpg,롸킥스,"20대,30대",스트릿·도매스틱
2위,https://img.sta1.com/_up/store/2020/01/23/1579749461044.jpg,오까네,"20대,30대",빅사이즈
3위,https://img.sta1.com/_up/shop/logo/2019/05/1557890203309_mi.jpg,훈스,"20대,30대",트랜드·캐쥬얼
4위,https://img.sta1.com/_up/shop/logo/2017/06/1498809422400_mi.jpg,조군샵,"20대,30대",트랜드·캐쥬얼
5위,https://img.sta1.com/_up/shop/logo/2017/06/1498809032645_mi.jpg,더니트컴퍼니,"20대,30대",스트릿·도매스틱
6위,https://img.sta1.com/_up/shop/logo/2017/06/1498808968780_mi.jpg,4XR,"20대,30대",빅사이즈
7위,https://img.sta1.com/_up/store/2019/12/10/1575969018587.jpg,미스터스트릿,"20대,30대",트랜드·캐쥬얼
8위,https://img.sta1.com/_up/shop/logo/2019/07/1562653695760_mi.jpg,고피플,"10대,20대",트랜드·캐쥬얼
9위,https://img.sta1.com/_up/store/2020/02/17/1581914818894.jpg,슈퍼스타아이,"20대,30대",트랜드·캐쥬얼
10위,https://img.sta1.com/_up/shop/logo/2019/04/1554190763378_mi.jpg,바이모노,"20대,30대",빅사이즈
11위,https://img.sta1.com/_up/shop/logo/2017/06/1498809481452_mi.jpg,키작은남자,10대,트랜드·캐쥬얼
12위,https://img.sta1.com/_up/shop/logo/2019/04/1554190787484_mi.jpg,맨인스토어,"10대,20대",트랜드·캐쥬얼
13위,https://img.sta1.com/_up/shop/logo/2019/07/1562653681760_mi.jpg,모던이프,20대,댄디·심플
14위,https://img.sta1.com/_up/shop/logo/2019/04/1554190601788_mi.jpg,하이파이펑크,20대,유니크·빈티지
15위,https://img.sta1.com/_up/shop/logo/2019/02/1551162469794_mi.jpg,락커룸,"20대,30대",댄디·심플
16위,https://img.sta1.com/_up/shop/logo/2019/04/1554190719801_mi.jpg,바이슬림,"10대,20대",트랜드·캐쥬얼
17위,https://img.sta1.com/_up/shop/logo/2017/06/1498809091975_mi.jpg,라우코하우스,20대,유니크·빈티지
18위,https://img.sta1.com/_up/shop/logo/2019/04/1554190688086_mi.jpg,유루이,"10대,20대",트랜드·캐쥬얼
19위,https://img.sta1.com/_up/shop/logo/2017/06/1498809330048_mi.jpg,애즈클로,"10대,20대",트랜드·캐쥬얼
20위,https://img.sta1.com/_up/shop/logo/2019/07/1562653734489_mi.jpg,자뎅,"20대,30대",댄디·심플
21위,https://img.sta1.com/_up/store/2020/01/28/1580183356622.jpg,시도,"10대,20대",트랜드·캐쥬얼
22위,https://img.sta1.com/_up/shop/logo/2019/06/1560754266037_mi.jpg,청년옷장,20대,트랜드·캐쥬얼
23위,https://img.sta1.com/_up/shop/logo/2018/09/1537502255633_mi.jpg,엘옴므,"10대,20대",트랜드·캐쥬얼
24위,https://img.sta1.com/_up/shop/logo/2018/09/1537500841476_mi.jpg,아보키,"10대,20대",트랜드·캐쥬얼
25위,https://img.sta1.com/_up/shop/logo/2019/07/1562653555269_mi.jpg,플라이데이,"10대,20대",댄디·심플
26위,https://img.sta1.com/_up/shop/logo/2018/05/1525759319999_mi.jpg,룩앤핏,"10대,20대",트랜드·캐쥬얼
27위,https://img.sta1.com/_up/shop/logo/2019/07/1562653567944_mi.jpg,토모나리,"10대,20대",트랜드·캐쥬얼
28위,https://img.sta1.com/_up/shop/logo/2018/11/1542791028908_mi.jpg,바이더알,"20대,30대",유니크·빈티지
29위,https://img.sta1.com/_up/shop/logo/2017/06/1498809154637_mi.jpg,멋남,"20대,30대",댄디·심플
30위,https://img.sta1.com/_up/shop/logo/2019/07/1562653615819_mi.jpg,윌스토어,"20대,30대",트랜드·캐쥬얼
31위,https://img.sta1.com/_up/shop/logo/2018/09/1537519825931_mi.jpg,브랜디드,"20대,30대",스트릿·도매스틱
32위,https://img.sta1.com/_up/shop/logo/2019/07/1562653665082_mi.jpg,독보남,"10대,20대",트랜드·캐쥬얼
33위,https://img.sta1.com/_up/shop/logo/2019/03/1553828176620_mi.jpg,섹시수트,"20대,30대",클래식·수트
34위,https://img.sta1.com/_up/shop/logo/2019/07/1562650322639_mi.jpg,제이브로스,"20대,30대",트랜드·캐쥬얼
35위,https://img.sta1.com/_up/shop/logo/2017/06/1498123528571_mi.jpg,페어플레이,"10대,20대",스트릿·도매스틱
36위,https://img.sta1.com/_up/shop/logo/2018/06/1528353080122_mi.jpg,엘가노벰버,"20대,30대",클래식·수트
37위,https://img.sta1.com/_up/shop/logo/2018/09/1537511660934_mi.jpg,파탈앤트,"20대,30대",클래식·수트
38위,https://img.sta1.com/_up/shop/logo/2019/04/1554706062690_mi.jpg,붐스타일,"10대,20대",트랜드·캐쥬얼
39위,https://img.sta1.com/_up/shop/logo/2019/07/1562653601010_mi.jpg,유로옴므,"20대,30대",클래식·수트
40위,https://img.sta1.com/_up/shop/logo/2019/04/1554271861297_mi.jpg,스나이퍼샵,"10대,20대",트랜드·캐쥬얼
41위,https://img.sta1.com/_up/shop/logo/2019/04/1554271630974_mi.jpg,자비노,"20대,30대",댄디·심플
42위,https://img.sta1.com/_up/shop/logo/2018/09/1537502439358_mi.jpg,디앤써,"20대,30대",레플리카·제작
43위,https://img.sta1.com/_up/shop/logo/2019/07/1562653582402_mi.jpg,티아그,20대,트랜드·캐쥬얼
44위,https://img.sta1.com/_up/shop/logo/2019/04/1554271577690_mi.jpg,머시따,"20대,30대",댄디·심플
45위,https://img.sta1.com/_up/shop/logo/2018/11/1542787743261_mi.jpg,언더70,"10대,20대",트랜드·캐쥬얼
46위,https://img.sta1.com/_up/shop/logo/2019/06/1561615254338_mi.jpg,젠틀서울,"10대,20대",트랜드·캐쥬얼
47위,https://img.sta1.com/_up/shop/logo/2019/04/1554703896146_mi.jpg,맨토리,20대,트랜드·캐쥬얼
48위,https://img.sta1.com/_up/shop/logo/2017/06/1498203924781_mi.jpg,골든보이,"20대,30대",클래식·수트
49위,https://img.sta1.com/_up/shop/logo/2019/07/1562653748853_mi.jpg,빛날,"20대,30대",댄디·심플
50위,https://img.sta1.com/_up/shop/logo/2019/07/1563258588750_mi.jpg,컨테이너마켓,"10대,20대",트랜드·캐쥬얼
51위,https://img.sta1.com/_up/shop/logo/2019/03/1552362880064_mi.jpg,루이르,"20대,30대",댄디·심플
52위,https://img.sta1.com/_up/shop/logo/2019/02/1551162016617_mi.jpg,코리안어패럴,"10대,20대",유니크·빈티지
53위,https://img.sta1.com/_up/shop/logo/2019/04/1554271684850_mi.jpg,오쿤,20대,댄디·심플
54위,https://img.sta1.com/_up/shop/logo/2019/02/1551162243348_mi.jpg,디스코제이,"20대,30대",유니크·빈티지
55위,https://img.sta1.com/_up/shop/logo/2019/07/1563258721115_mi.jpg,젠브로,"20대,30대",빅사이즈
56위,https://img.sta1.com/_up/store/2020/01/14/1578985680279.jpg,헤일로샵,"20대,30대",댄디·심플
57위,https://img.sta1.com/_up/shop/logo/2019/07/1562653784537_mi.jpg,빡선생,20대,유니크·빈티지
58위,https://img.sta1.com/_up/shop/logo/2018/11/1542787667158_mi.jpg,람스,"20대,30대",레플리카·제작
59위,https://img.sta1.com/_up/shop/logo/2017/10/1509333175557_mi.jpg,게리오,"20대,30대",트랜드·캐쥬얼
60위,https://img.sta1.com/_up/shop/logo/2018/06/1528359028445_mi.jpg,빅사이즈클럽,"20대,30대",빅사이즈
61위,https://img.sta1.com/_up/shop/logo/2019/07/1562653631081_mi.jpg,맨즈캐슬,"20대,30대",댄디·심플
62위,https://img.sta1.com/_up/shop/logo/2019/07/1563258620062_mi.jpg,프롬어스,"10대,20대",트랜드·캐쥬얼
63위,https://img.sta1.com/_up/shop/logo/2019/07/1563258657390_mi.jpg,쇼핀,"20대,30대",댄디·심플
64위,https://img.sta1.com/_up/store/2020/01/07/1578374826839.jpg,룩플,"10대,20대",트랜드·캐쥬얼
65위,https://img.sta1.com/_up/shop/logo/2019/07/1563258688235_mi.jpg,썸남,"10대,20대",트랜드·캐쥬얼
66위,https://img.sta1.com/_up/shop/logo/2018/06/1528353591655_mi.jpg,오대오,20대,유니크·빈티지
67위,https://img.sta1.com/_up/shop/logo/2018/11/1542704570224_mi.jpg,퓨에르옴므,20대,레플리카·제작
68위,https://img.sta1.com/_up/shop/logo/2018/11/1542703966441_mi.jpg,바나나핏,"10대,20대,30대",슈즈
69위,https://img.sta1.com/_up/shop/logo/2018/09/1537515287281_mi.jpg,얼썸,20대,트랜드·캐쥬얼
70위,https://img.sta1.com/_up/shop/logo/2019/07/1562653648846_mi.jpg,모옌,20대,댄디·심플
71위,https://img.sta1.com/_up/shop/logo/2019/04/1554704178943_mi.jpg,나뽀,"10대,20대",트랜드·캐쥬얼
72위,https://img.sta1.com/_up/shop/logo/2019/04/1554271704511_mi.jpg,홀리인코드,"10대,20대",유니크·빈티지
73위,https://img.sta1.com/_up/shop/logo/2019/04/1554704075112_mi.jpg,조스타,"20대,30대",댄디·심플
74위,https://img.sta1.com/_up/shop/logo/2019/07/1562653768792_mi.jpg,에버프리,20대,유니크·빈티지
75위,https://img.sta1.com/_up/store/2020/01/07/1578375661026.jpg,이든메이드,"10대,20대",트랜드·캐쥬얼
76위,https://img.sta1.com/_up/store/2020/01/28/1580188811108.jpg,라쇼몽,"10대,20대",유니크·빈티지
77위,https://img.sta1.com/_up/shop/logo/2018/06/1528193020587_mi.jpg,레드옴므,"20대,30대",댄디·심플
78위,https://img.sta1.com/_up/shop/logo/2019/04/1554271900302_mi.jpg,스타일맨,"20대,30대",트랜드·캐쥬얼
79위,https://img.sta1.com/_up/shop/logo/2018/05/1525759494327_mi.jpg,뉴모얼,"10대,20대",트랜드·캐쥬얼
80위,https://img.sta1.com/_up/store/2020/02/05/1580870833387.jpg,유스토리,"10대,20대",유니크·빈티지
81위,https://img.sta1.com/_up/shop/logo/2017/06/1498809225241_mi.jpg,비시크,"20대,30대",댄디·심플
82위,https://img.sta1.com/_up/shop/logo/2019/07/1563258701546_mi.jpg,맨즈커버,20대,트랜드·캐쥬얼
83위,https://img.sta1.com/_up/shop/logo/2019/07/1563258640825_mi.jpg,모던클래스,20대,트랜드·캐쥬얼
84위,https://img.sta1.com/_up/shop/logo/2019/07/1563342723016_mi.jpg,저스트영,"10대,20대",유니크·빈티지
85위,https://img.sta1.com/_up/store/2020/05/04/1588564044799.jpg,컨슬핏,20대,댄디·심플
86위,https://img.sta1.com/_up/shop/logo/2019/07/1563258769613_mi.jpg,만카이,"20대,30대",트랜드·캐쥬얼
87위,https://img.sta1.com/_up/store/2020/05/04/1588564209941.jpg,후쿠부쿠로,"20대,30대",유니크·빈티지
88위,https://img.sta1.com/_up/shop/logo/2018/09/1537516433129_mi.jpg,놈코어,"10대,20대",트랜드·캐쥬얼
89위,https://img.sta1.com/_up/shop/logo/2019/04/1554879285602_mi.jpg,모노포스,"10대,20대",트랜드·캐쥬얼
90위,https://img.sta1.com/_up/shop/logo/2019/07/1563258756545_mi.jpg,퍼스트플로어,"10대,20대",스트릿·도매스틱
91위,https://img.sta1.com/_up/shop/logo/2019/04/1554271921494_mi.jpg,홍브로,20대,트랜드·캐쥬얼
92위,https://img.sta1.com/_up/shop/logo/2019/07/1563258604144_mi.jpg,더섹트,"20대,30대",댄디·심플
93위,https://img.sta1.com/_up/shop/logo/2019/04/1554272020056_mi.jpg,옷타쿠,"10대,20대",트랜드·캐쥬얼
94위,https://img.sta1.com/_up/shop/logo/2017/06/1498645571702_mi.jpg,백스테이,"20대,30대",액세서리·잡화
95위,https://img.sta1.com/_up/shop/logo/2019/04/1554879224547_mi.jpg,단군,"20대,30대",트랜드·캐쥬얼
96위,https://img.sta1.com/_up/store/2019/10/31/1572503077338.jpg,엘남자,"20대,30대",댄디·심플
97위,https://img.sta1.com/_up/shop/logo/2019/07/1563258734466_mi.jpg,내남품,"20대,30대",댄디·심플
98위,https://img.sta1.com/_up/shop/logo/2019/03/1553827990689_mi.jpg,주사장몰,"20대,30대",트랜드·캐쥬얼
99위,https://img.sta1.com/_up/shop/logo/2019/04/1554879255019_mi.jpg,알렌디노,"20대,30대",댄디·심플
100위,https://img.sta1.com/_up/shop/logo/2018/09/1537520386985_mi.jpg,바스타,"20대,30대",트랜드·캐쥬얼
101위,https://img.sta1.com/_up/shop/logo/2019/04/1554271987940_mi.jpg,룩파인,"20대,30대",댄디·심플
102위,https://img.sta1.com/_up/shop/logo/2019/04/1554777141079_mi.jpg,아이다큐,20대,트랜드·캐쥬얼
103위,https://img.sta1.com/_up/shop/logo/2019/06/1561100876086_mi.jpg,클라쓰업,"20대,30대",트랜드·캐쥬얼
104위,https://img.sta1.com/_up/store/2019/12/20/1576816937393.jpg,로댄티,"10대,20대",트랜드·캐쥬얼
105위,https://img.sta1.com/_up/shop/logo/2019/04/1554272088541_mi.jpg,니티드,"20대,30대",스트릿·도매스틱
106위,https://img.sta1.com/_up/shop/logo/2019/07/1563342773416_mi.jpg,업노멀,"10대,20대",유니크·빈티지
107위,https://img.sta1.com/_up/shop/logo/2019/04/1554271664428_mi.jpg,어베인유,"10대,20대",트랜드·캐쥬얼
108위,https://img.sta1.com/_up/store/2020/03/03/1583197212137.jpg,드랍샵,20대,트랜드·캐쥬얼
109위,https://img.sta1.com/_up/store/2019/10/31/1572503175871.jpg,바이흰티,20대,댄디·심플
110위,https://img.sta1.com/_up/shop/logo/2018/11/1542787289331_mi.jpg,헤누지,"10대,20대",트랜드·캐쥬얼
111위,https://img.sta1.com/_up/shop/logo/2018/09/1537510161685_mi.jpg,오비토,"20대,30대",스트릿·도매스틱
112위,https://img.sta1.com/_up/shop/logo/2019/04/1554703646239_mi.jpg,토키오,"10대,20대",트랜드·캐쥬얼
113위,https://img.sta1.com/_up/shop/logo/2019/07/1563342803983_mi.jpg,고민남,20대,유니크·빈티지
114위,https://img.sta1.com/_up/shop/logo/2019/07/1563258786868_mi.jpg,프로인드,"20대,30대",댄디·심플
115위,https://img.sta1.com/_up/shop/logo/2019/03/1553761842151_mi.jpg,토라,"20대,30대",레플리카·제작
116위,https://img.sta1.com/_up/shop/logo/2018/09/1536653057524_mi.jpg,타란토,"20대,30대",댄디·심플
117위,https://img.sta1.com/_up/store/2019/10/31/1572503319311.jpg,히즈핏,"20대,30대",트랜드·캐쥬얼
118위,https://img.sta1.com/_up/shop/logo/2019/07/1563342761229_mi.jpg,어썸피스,"20대,30대",트랜드·캐쥬얼
119위,https://img.sta1.com/_up/shop/logo/2018/06/1528445992843_mi.jpg,라비지오네,"10대,20대,30대",슈즈
120위,https://img.sta1.com/_up/store/2020/05/08/1588909986071.jpg,블랑토,"10대,20대,30대",댄디·심플
121위,https://img.sta1.com/_up/shop/logo/2019/07/1563258806625_mi.jpg,햄스타일,"20대,30대",클래식·수트
122위,https://img.sta1.com/_up/shop/logo/2018/03/1520497853717_mi.jpg,글루미아이즈,"20대,30대",댄디·심플
123위,https://img.sta1.com/_up/shop/logo/2019/06/1561085014353_mi.jpg,커먼바이베이직,"10대,20대",유니크·빈티지
124위,https://img.sta1.com/_up/store/2019/10/31/1572503343568.jpg,에프심벌,"10대,20대",트랜드·캐쥬얼
125위,https://img.sta1.com/_up/shop/logo/2017/09/1504255741993_mi.jpg,네임벨류,"20대,30대",레플리카·제작
126위,https://img.sta1.com/_up/shop/logo/2019/07/1563431437795_mi.jpg,낙타스타일,"20대,30대",유니크·빈티지
127위,https://img.sta1.com/_up/shop/logo/2019/07/1563343364486_mi.jpg,화이트블랙,"20대,30대",댄디·심플
128위,https://img.sta1.com/_up/store/2019/10/31/1572503206497.jpg,써드플랫폼,"20대,30대",댄디·심플
129위,https://img.sta1.com/_up/shop/logo/2018/08/1535452470668_mi.jpg,블루포스,20대,댄디·심플
130위,https://img.sta1.com/_up/shop/logo/2018/06/1528441004188_mi.jpg,메르옴므,"20대,30대",레플리카·제작
131위,https://img.sta1.com/_up/shop/logo/2018/11/1542789031500_mi.jpg,더액션,"20대,30대",트랜드·캐쥬얼
132위,https://img.sta1.com/_up/store/2019/10/31/1572503298709.jpg,로코베이직,"20대,30대",유니크·빈티지
133위,https://img.sta1.com/_up/shop/logo/2019/03/1553761632154_mi.jpg,맨스스토어,20대,스트릿·도매스틱
134위,https://img.sta1.com/_up/store/2020/01/28/1580188843979.jpg,푸어시크,20대,트랜드·캐쥬얼
135위,https://img.sta1.com/_up/shop/logo/2018/06/1528359770643_mi.jpg,스타일옴므,"20대,30대",클래식·수트
136위,https://img.sta1.com/_up/shop/logo/2018/06/1528445555537_mi.jpg,남자옷판다,20대,유니크·빈티지
137위,https://img.sta1.com/_up/store/2020/05/11/1589178807578.jpg,밸류,"20대,30대",댄디·심플
138위,https://img.sta1.com/_up/store/2020/01/07/1578374663862.jpg,유얼마인드,"10대,20대",트랜드·캐쥬얼
139위,https://img.sta1.com/_up/shop/logo/2019/06/1561099489495_mi.jpg,페이지27,"20대,30대",댄디·심플
140위,https://img.sta1.com/_up/shop/logo/2019/06/1561101671415_mi.jpg,앤스미스,20대,유니크·빈티지
141위,https://img.sta1.com/_up/shop/logo/2018/09/1537517451731_mi.jpg,테이크어스트릿,20대,스트릿·도매스틱
142위,https://img.sta1.com/_up/shop/logo/2019/03/1553828624672_mi.jpg,알로디,"20대,30대",트랜드·캐쥬얼
143위,https://img.sta1.com/_up/shop/logo/2018/09/1537514453367_mi.jpg,헤이브라더,"20대,30대",레플리카·제작
144위,https://img.sta1.com/_up/store/2020/01/07/1578375096305.jpg,바우로,20대,댄디·심플
145위,https://img.sta1.com/_up/shop/logo/2019/06/1561083663024_mi.jpg,김센스,"20대,30대",유니크·빈티지
146위,https://img.sta1.com/_up/shop/logo/2018/08/1534144417669_mi.jpg,컴바이어즈,"10대,20대",유니크·빈티지
147위,https://img.sta1.com/_up/shop/logo/2019/06/1561085693106_mi.jpg,더블랙마켓,20대,트랜드·캐쥬얼
148위,https://img.sta1.com/_up/shop/logo/2018/06/1528361156193_mi.jpg,카우카우,"10대,20대",트랜드·캐쥬얼
149위,https://img.sta1.com/_up/shop/logo/2019/05/1558676412906_mi.jpg,규마켓,"10대,20대",댄디·심플
150위,https://img.sta1.com/_up/shop/logo/2019/04/1554879378396_mi.jpg,넘버세븐,"20대,30대",클래식·수트
151위,https://img.sta1.com/_up/shop/logo/2019/06/1561085195948_mi.jpg,게스통,20대,트랜드·캐쥬얼
152위,https://img.sta1.com/_up/shop/logo/2018/06/1528695694533_mi.jpg,도쿄스나이퍼,"20대,30대",레플리카·제작
153위,https://img.sta1.com/_up/shop/logo/2018/08/1535446292563_mi.jpg,네이키드소울,"10대,20대,30대",유니크·빈티지
154위,https://img.sta1.com/_up/shop/logo/2018/06/1528439845316_mi.jpg,이태원몰,"20대,30대",빅사이즈
155위,https://img.sta1.com/_up/store/2019/10/31/1572503107678.jpg,닥터제이스토리,20대,댄디·심플
156위,https://img.sta1.com/_up/shop/logo/2019/03/1553760979310_mi.jpg,XERO,"20대,30대",스트릿·도매스틱
157위,https://img.sta1.com/_up/shop/logo/2019/04/1554087181897_mi.jpg,하리마우,"20대,30대",트랜드·캐쥬얼
158위,https://img.sta1.com/_up/shop/logo/2019/06/1561442890461_mi.jpg,하오칸,"20대,30대",댄디·심플
159위,https://img.sta1.com/_up/store/2019/10/31/1572503136611.jpg,렉시프,"10대,20대",트랜드·캐쥬얼
160위,https://img.sta1.com/_up/shop/logo/2019/06/1561084140532_mi.jpg,벨르,"20대,30대",트랜드·캐쥬얼
161위,https://img.sta1.com/_up/shop/logo/2018/02/1519096052139_mi.jpg,똥파리닷컴,"10대,20대",유니크·빈티지
162위,https://img.sta1.com/_up/shop/logo/2019/07/1563342821118_mi.jpg,블랙바나나,20대,유니크·빈티지
163위,https://img.sta1.com/_up/shop/logo/2019/04/1554879736553_mi.jpg,시크업,20대,유니크·빈티지
164위,https://img.sta1.com/_up/store/2020/05/04/1588564130059.jpg,꼰스,"10대,20대",유니크·빈티지
165위,https://img.sta1.com/_up/shop/logo/2019/06/1561084513221_mi.jpg,룸301,"10대,20대",트랜드·캐쥬얼
166위,https://img.sta1.com/_up/shop/logo/2019/06/1561441779497_mi.jpg,플로이츠,20대,유니크·빈티지
167위,https://img.sta1.com/_up/shop/logo/2018/08/1535535653524_mi.jpg,캄므,"10대,20대",스트릿·도매스틱
168위,https://img.sta1.com/_up/shop/logo/2019/06/1561083990394_mi.jpg,디제이2,20대,유니크·빈티지
169위,https://img.sta1.com/_up/shop/logo/2019/06/1561100695835_mi.jpg,라벨엠,20대,유니크·빈티지
170위,https://img.sta1.com/_up/shop/logo/2018/08/1535452353349_mi.jpg,맨드리,20대,트랜드·캐쥬얼
171위,https://img.sta1.com/_up/store/2020/01/07/1578375356619.jpg,시메온,"10대,20대",유니크·빈티지
172위,https://img.sta1.com/_up/shop/logo/2018/06/1528359218506_mi.jpg,말배추,"20대,30대",유니크·빈티지
173위,https://img.sta1.com/_up/shop/logo/2018/11/1542789789077_mi.jpg,던티비,"20대,30대",댄디·심플
174위,https://img.sta1.com/_up/shop/logo/2017/06/1498645714700_mi.jpg,젠틀안트,"10대,20대,30대",슈즈
175위,https://img.sta1.com/_up/shop/logo/2019/04/1554088133087_mi.jpg,플라더,"20대,30대",레플리카·제작
176위,https://img.sta1.com/_up/store/2020/01/28/1580188877114.jpg,고바인,20대,댄디·심플
177위,https://img.sta1.com/_up/shop/logo/2019/06/1561101362787_mi.jpg,비심플,"10대,20대",트랜드·캐쥬얼
178위,https://img.sta1.com/_up/shop/logo/2018/11/1542789965645_mi.jpg,슈스코,"10대,20대,30대",슈즈
179위,https://img.sta1.com/_up/shop/logo/2019/04/1554087585737_mi.jpg,블랙페이퍼,"20대,30대",레플리카·제작
180위,https://img.sta1.com/_up/shop/logo/2018/08/1535535911214_mi.jpg,땡큐브로,"20대,30대",트랜드·캐쥬얼
181위,https://img.sta1.com/_up/shop/logo/2019/04/1554879307444_mi.jpg,룩앤파이브,"20대,30대",유니크·빈티지
182위,https://img.sta1.com/_up/shop/logo/2019/06/1561442476865_mi.jpg,휘휘,20대,유니크·빈티지
183위,https://img.sta1.com/_up/shop/logo/2018/06/1528445894498_mi.jpg,젠틀빅,"10대,20대",트랜드·캐쥬얼
184위,https://img.sta1.com/_up/shop/logo/2019/07/1561950263883_mi.jpg,쟈크,20대,댄디·심플
185위,https://img.sta1.com/_up/store/2019/11/05/1572935940123.jpg,에이핏,20대,댄디·심플
186위,https://img.sta1.com/_up/shop/logo/2019/04/1554086041460_mi.jpg,나범아,"10대,20대",트랜드·캐쥬얼
187위,https://img.sta1.com/_up/shop/logo/2019/04/1554087331591_mi.jpg,아도르클래식,"20대,30대",댄디·심플
188위,https://img.sta1.com/_up/shop/logo/2019/07/1562030614232_mi.jpg,스트릿홀릭,"10대,20대",레플리카·제작
189위,https://img.sta1.com/_up/store/2020/03/03/1583212096312.jpg,요즘엔,"20대,30대",트랜드·캐쥬얼
190위,https://img.sta1.com/_up/shop/logo/2019/04/1554087790211_mi.jpg,맨샵,"20대,30대",트랜드·캐쥬얼
191위,https://img.sta1.com/_up/shop/logo/2019/07/1561948556709_mi.jpg,오타구,"20대,30대",빅사이즈
192위,https://img.sta1.com/_up/shop/logo/2018/06/1528697091088_mi.jpg,남신,"10대,20대,30대",슈즈
193위,https://img.sta1.com/_up/shop/logo/2018/06/1528696059235_mi.jpg,블랙브라운,"20대,30대",클래식·수트
194위,https://img.sta1.com/_up/shop/logo/2019/04/1554089056580_mi.jpg,포더스타일,"20대,30대",댄디·심플
195위,https://img.sta1.com/_up/shop/logo/2018/06/1529313912876_mi.jpg,붓다스토리,"10대,20대,30대",액세서리·잡화
196위,https://img.sta1.com/_up/shop/logo/2018/03/1520492577056_mi.jpg,시썸,"10대,20대",트랜드·캐쥬얼
197위,https://img.sta1.com/_up/store/2020/04/08/1586319409316.jpg,제이나인룸,20대,트랜드·캐쥬얼
198위,https://img.sta1.com/_up/shop/logo/2019/07/1561947668265_mi.jpg,작살힙합,"20대,30대",스트릿·도매스틱
199위,https://img.sta1.com/_up/shop/logo/2018/10/1540790523791_mi.jpg,쥬비샵,"10대,20대,30대",슈즈
200위,https://img.sta1.com/_up/shop/logo/2018/06/1528695495640_mi.jpg,크램잇,"20대,30대",스트릿·도매스틱
201위,https://img.sta1.com/_up/shop/logo/2018/08/1535540898078_mi.jpg,아이엠팻,30대,빅사이즈
202위,https://img.sta1.com/_up/store/2020/01/28/1580188860573.jpg,매드샵,20대,트랜드·캐쥬얼
203위,https://img.sta1.com/_up/shop/logo/2017/06/1498721260127_mi.jpg,잉글리쉬맨,"20대,30대",클래식·수트
204위,https://img.sta1.com/_up/shop/logo/2018/11/1542790721938_mi.jpg,허밍슈퍼,"10대,20대",트랜드·캐쥬얼
205위,https://img.sta1.com/_up/shop/logo/2018/08/1535539577373_mi.jpg,핫붐,"10대,20대",트랜드·캐쥬얼
206위,https://img.sta1.com/_up/store/2020/04/27/1587954831728.jpg,벨크만,"20대,30대",클래식·수트
207위,https://img.sta1.com/_up/store/2020/01/07/1578374999065.jpg,어섹션,20대,댄디·심플
208위,https://img.sta1.com/_up/store/2019/12/16/1576473458624.jpg,포텐410,"10대,20대,30대",레플리카·제작
209위,https://img.sta1.com/_up/shop/logo/2019/06/1561442136738_mi.jpg,줌인샵,20대,트랜드·캐쥬얼
210위,https://img.sta1.com/_up/shop/logo/2017/06/1498802304784_mi.jpg,가오슈즈,"10대,20대,30대",슈즈
211위,https://img.sta1.com/_up/shop/logo/2019/04/1554879708959_mi.jpg,비스킷버튼,20대,유니크·빈티지
212위,https://img.sta1.com/_up/shop/logo/2017/07/1499413717893_mi.jpg,백가이,"10대,20대,30대",액세서리·잡화
213위,https://img.sta1.com/_up/shop/logo/2018/06/1528699214688_mi.jpg,홍대1프로,"20대,30대",유니크·빈티지
214위,https://img.sta1.com/_up/shop/logo/2019/04/1554086396672_mi.jpg,빕스트릿,"10대,20대",스트릿·도매스틱
215위,https://img.sta1.com/_up/shop/logo/2017/08/1504093307672_mi.jpg,제이쿤,"20대,30대",레플리카·제작
216위,https://img.sta1.com/_up/shop/logo/2018/08/1535006350030_mi.jpg,원다웃,20대,댄디·심플
217위,https://img.sta1.com/_up/shop/logo/2018/06/1528699332925_mi.jpg,더마크,"20대,30대",레플리카·제작
218위,https://img.sta1.com/_up/shop/logo/2019/04/1554089925592_mi.jpg,투빈티지,"20대,30대",댄디·심플
219위,https://img.sta1.com/_up/shop/logo/2017/06/1498802270316_mi.jpg,큐보,"20대,30대",스트릿·도매스틱
220위,https://img.sta1.com/_up/shop/logo/2017/09/1504255829244_mi.jpg,더빌딩,"20대,30대",클래식·수트
221위,https://img.sta1.com/_up/shop/logo/2019/04/1554879341963_mi.jpg,블레스모어,"20대,30대",레플리카·제작
222위,https://img.sta1.com/_up/shop/logo/2019/04/1555921498077_mi.jpg,더메이드샵,"20대,30대",댄디·심플
223위,https://img.sta1.com/_up/shop/logo/2019/07/1561950644945_mi.jpg,더모던,"20대,30대",댄디·심플
224위,https://img.sta1.com/_up/shop/logo/2019/06/1561083363003_mi.jpg,주붕샵,"20대,30대",댄디·심플
225위,https://img.sta1.com/_up/shop/logo/2017/06/1498645752408_mi.jpg,더로이,"20대,30대",클래식·수트
226위,https://img.sta1.com/_up/store/2019/12/03/1575349365897.jpg,브로앤시스,"20대,30대",댄디·심플
227위,https://img.sta1.com/_up/shop/logo/2017/06/1498813873995_mi.jpg,로슈맨,"10대,20대,30대",슈즈
228위,https://img.sta1.com/_up/shop/logo/2019/04/1555472361627_mi.jpg,푸에르,"10대,20대",댄디·심플
229위,https://img.sta1.com/_up/shop/logo/2019/07/1562030331484_mi.jpg,룩페이지,"10대,20대",댄디·심플
230위,https://img.sta1.com/_up/shop/logo/2018/08/1535540330340_mi.jpg,코지브로,20대,유니크·빈티지
231위,https://img.sta1.com/_up/shop/logo/2019/04/1554086938835_mi.jpg,멜룸,"10대,20대",트랜드·캐쥬얼
232위,https://img.sta1.com/_up/shop/logo/2019/07/1561951621773_mi.jpg,스타일장전,20대,레플리카·제작
233위,https://img.sta1.com/_up/shop/logo/2019/07/1561951898130_mi.jpg,클래식환,"20대,30대",댄디·심플
234위,https://img.sta1.com/_up/shop/logo/2019/04/1554089797295_mi.jpg,에이런던,20대,트랜드·캐쥬얼
235위,https://img.sta1.com/_up/shop/logo/2018/03/1522314516762_mi.jpg,프러브스,30대,레플리카·제작
236위,https://img.sta1.com/_up/shop/logo/2019/04/1554088591974_mi.jpg,진케이,"10대,20대",트랜드·캐쥬얼
237위,https://img.sta1.com/_up/shop/logo/2017/06/1498813912844_mi.jpg,조앤슈,"10대,20대,30대",슈즈
238위,https://img.sta1.com/_up/shop/logo/2017/06/1498722195631_mi.jpg,30코드,"20대,30대",댄디·심플
239위,https://img.sta1.com/_up/store/2019/10/10/1570676655185.jpg,비포유,"10대,20대",트랜드·캐쥬얼
240위,https://img.sta1.com/_up/store/2020/02/12/1581477435752.jpg,딘조,"20대,30대",댄디·심플
241위,https://img.sta1.com/_up/shop/logo/2018/01/1515477886145_mi.jpg,테이크잇,"10대,20대",트랜드·캐쥬얼
242위,https://img.sta1.com/_up/shop/logo/2018/08/1535452303368_mi.jpg,맨즈룩,20대,트랜드·캐쥬얼
243위,https://img.sta1.com/_up/shop/logo/2017/06/1498722349639_mi.jpg,해피슈즈,"10대,20대,30대",슈즈
244위,https://img.sta1.com/_up/store/2019/08/22/1566463564842.jpg,비야즈,"20대,30대",레플리카·제작
245위,https://img.sta1.com/_up/store/2019/10/14/1571030411296.jpg,라밀,20대,댄디·심플
246위,https://img.sta1.com/_up/shop/logo/2017/06/1498808928554_mi.jpg,에디터샵,"10대,20대",트랜드·캐쥬얼
247위,https://img.sta1.com/_up/shop/logo/2018/09/1536658083436_mi.jpg,파레뜨,"20대,30대",댄디·심플
248위,https://img.sta1.com/_up/shop/logo/2018/06/1528697766851_mi.jpg,찰리라이즈,"20대,30대",스트릿·도매스틱
249위,https://img.sta1.com/_up/shop/logo/2019/06/1561601015638_mi.jpg,빅애플샵,"10대,20대,30대",액세서리·잡화
250위,https://img.sta1.com/_up/shop/logo/2018/05/1525431430092_mi.jpg,더메이데이,"20대,30대",댄디·심플
251위,https://img.sta1.com/_up/shop/logo/2017/06/1498802330234_mi.jpg,수트맨,30대,클래식·수트
252위,https://img.sta1.com/_up/shop/logo/2017/06/1498808861483_mi.jpg,레플맨,"20대,30대",레플리카·제작
253위,https://img.sta1.com/_up/shop/logo/2018/09/1536659205086_mi.jpg,플레인패션,"20대,30대",댄디·심플
254위,https://img.sta1.com/_up/shop/logo/2017/09/1504254942813_mi.jpg,모던브릭,"20대,30대",클래식·수트
255위,https://img.sta1.com/_up/shop/logo/2017/06/1498645728364_mi.jpg,맨즈락커,"10대,20대",클래식·수트
256위,https://img.sta1.com/_up/shop/logo/2018/05/1526371924208_mi.jpg,인더스트룩,"10대,20대,30대",슈즈
257위,https://img.sta1.com/_up/shop/logo/2019/07/1562029881995_mi.jpg,에쉬드블랙,"20대,30대",트랜드·캐쥬얼
258위,https://img.sta1.com/_up/shop/logo/2018/08/1535535513967_mi.jpg,네스탈,"20대,30대",트랜드·캐쥬얼
259위,https://img.sta1.com/_up/shop/logo/2018/02/1518068753510_mi.jpg,로파스,"10대,20대,30대",슈즈
260위,https://img.sta1.com/_up/store/2019/09/23/1569215237028.jpg,애프터제이,"20대,30대",댄디·심플
261위,https://img.sta1.com/_up/shop/logo/2019/01/1548031947482_mi.jpg,위앤드,20대,댄디·심플
262위,https://img.sta1.com/_up/shop/logo/2018/04/1523332686060_mi.jpg,얼루어먼트,"20대,30대",트랜드·캐쥬얼
263위,https://img.sta1.com/_up/shop/logo/2017/08/1504079386599_mi.jpg,다락방소년,"10대,20대",트랜드·캐쥬얼
264위,https://img.sta1.com/_up/shop/logo/2017/06/1498722072519_mi.jpg,남자공간,"10대,20대,30대",슈즈
265위,https://img.sta1.com/_up/shop/logo/2017/07/1499416303857_mi.jpg,맨즈굿,"10대,20대,30대",액세서리·잡화
266위,https://img.sta1.com/_up/store/2020/02/03/1580721058571.jpg,티티티타입,"10대,20대",트랜드·캐쥬얼
267위,https://img.sta1.com/_up/shop/logo/2019/07/1562029986841_mi.jpg,준콤마,"10대,20대",댄디·심플
268위,https://img.sta1.com/_up/shop/logo/2019/03/1552023832147_mi.jpg,인유리,"20대,30대",트랜드·캐쥬얼
269위,https://img.sta1.com/_up/store/2019/10/30/1572419736191.jpg,룩클리,"20대,30대",댄디·심플
270위,https://img.sta1.com/_up/shop/logo/2019/04/1554090908479_mi.jpg,바이더백,"10대,20대,30대",액세서리·잡화
271위,https://img.sta1.com/_up/shop/logo/2018/10/1538376680980_mi.jpg,디테일X디테일,"20대,30대",댄디·심플
