Rank,brandImgSrc,brandName,targetAge,concept
1위,https://img.sta1.com/_up/brnd/img/2018/01/1516080494643_130*130.jpg,나이키,"10대,20대,30대",스포츠
2위,https://img.sta1.com/_up/brnd/img/2018/01/1516080745895_130*130.jpg,루이비통,"20대,30대","컨템포러리·명품,슈즈,가방"
3위,https://img.sta1.com/_up/brnd/img/2018/01/1516080459989_130*130.jpg,구찌,"20대,30대","컨템포러리·명품,슈즈,가방"
4위,https://img.sta1.com/_up/brnd/img/2018/01/1516080627134_130*130.jpg,아디다스,"10대,20대,30대",스포츠
5위,https://img.sta1.com/_up/brand/2019/10/30/1572415179983-m.jpg,자라,"10대,20대,30대",SPA
6위,https://img.sta1.com/_up/brand/2019/10/29/1572329474663-m.jpg,뉴발란스,"10대,20대,30대",스포츠
7위,https://img.sta1.com/_up/brnd/img/2018/10/1540347885597_n3.jpg,배럴,"10대,20대,30대",스포츠
8위,https://img.sta1.com/_up/brnd/img/2018/01/1516080685926_130*130.jpg,유니클로,"10대,20대,30대",SPA
9위,https://img.sta1.com/_up/brnd/img/2018/01/1516085319253_130*130.jpg,크록스,"10대,20대,30대",슈즈
10위,https://img.sta1.com/_up/brnd/img/2018/01/1516149458025_130*130.jpg,컨버스,"10대,20대,30대",스포츠
11위,https://img.sta1.com/_up/brnd/img/2018/01/1516755663517_130*130.jpg,에이치엔엠,"10대,20대,30대",SPA
12위,https://img.sta1.com/_up/brnd/img/2018/10/1539248602113_n3.jpg,폴로랄프로렌,"10대,20대,30대","캐주얼,트래디셔널"
13위,https://img.sta1.com/_up/brnd/img/2018/01/1516080450088_130*130.jpg,반스,"10대,20대,30대","스트릿·도매스틱,캐주얼"
14위,https://img.sta1.com/_up/brnd/img/2018/01/1516085531105_130*130.jpg,휠라,"10대,20대,30대",스포츠
15위,https://img.sta1.com/_up/brnd/img/2018/01/1516085288376_130*130.jpg,코스,"10대,20대,30대",SPA
16위,https://img.sta1.com/_up/brnd/img/2018/01/1516581755990_130*130.jpg,메종마르지엘라,"20대,30대","컨템포러리·명품,슈즈"
17위,https://img.sta1.com/_up/brnd/img/2018/01/1516234836604_130*130.jpg,더블유브이프로젝트,"10대,20대","스트릿·도매스틱,캐주얼"
18위,https://img.sta1.com/_up/brand/2019/10/30/1572416297406-m.jpg,디스커버리익스페디션,"10대,20대,30대","스포츠,골프·아웃도어"
19위,https://img.sta1.com/_up/brnd/img/2018/01/1516149505804_130*130.jpg,크리스찬디올,"20대,30대","컨템포러리·명품,슈즈,가방"
20위,https://img.sta1.com/_up/brnd/img/2018/01/1516080654910_130*130.jpg,언더아머,"10대,20대,30대","스포츠,골프·아웃도어"
21위,https://img.sta1.com/_up/brnd/img/2018/01/1516085399986_130*130.jpg,파타고니아,"10대,20대,30대","스포츠,골프·아웃도어"
22위,https://img.sta1.com/_up/brand/2019/10/30/1572416330622-m.jpg,스파오,"10대,20대,30대",SPA
23위,https://img.sta1.com/_up/brnd/img/2018/07/1531118100594_n3.jpg,프라다,"20대,30대","컨템포러리·명품,슈즈,가방"
24위,https://img.sta1.com/_up/brnd/img/2018/10/1539671346392_n3.jpg,발렌시아가,"20대,30대","컨템포러리·명품,슈즈,가방"
25위,https://img.sta1.com/_up/brnd/img/2018/01/1516080694272_130*130.jpg,라코스테,"10대,20대,30대","트래디셔널,골프·아웃도어"
26위,https://img.sta1.com/_up/brnd/img/2018/02/1519369713276_n3.jpg,스톤아일랜드,"20대,30대",컨템포러리·명품
27위,https://img.sta1.com/_up/brnd/img/2018/01/1517273802219_130*130.jpg,에잇세컨즈,"10대,20대,30대",SPA
28위,https://img.sta1.com/_up/brnd/img/2018/01/1516085334815_130*130.jpg,타미힐피거,"10대,20대,30대","캐주얼,트래디셔널"
29위,https://img.sta1.com/_up/brand/2019/10/30/1572415036364-m.jpg,지오다노,"10대,20대,30대",SPA
30위,https://img.sta1.com/_up/brnd/img/2018/04/1524109506298_n3.jpg,무인양품,"10대,20대,30대",SPA
31위,https://img.sta1.com/_up/brnd/img/2018/10/1539572537540_n3.jpg,메종키츠네,"20대,30대","컨템포러리·명품,ACC·잡화"
32위,https://img.sta1.com/_up/brnd/img/2018/01/1516085352685_130*130.jpg,탑텐,"10대,20대,30대",SPA
33위,https://img.sta1.com/_up/brnd/img/2018/01/1516149331976_130*130.jpg,보테가베네타,"20대,30대","컨템포러리·명품,가방,ACC·잡화"
34위,https://img.sta1.com/_up/brnd/img/2018/01/1517273304219_130*130.jpg,버버리,"20대,30대","컨템포러리·명품,슈즈,가방"
35위,https://img.sta1.com/_up/brnd/img/2018/01/1516944821731_130*130.jpg,에르메스,"20대,30대","컨템포러리·명품,슈즈,가방"
36위,https://img.sta1.com/_up/brnd/img/2018/10/1539572888647_n3.jpg,톰브라운,"20대,30대",컨템포러리·명품
37위,https://img.sta1.com/_up/brnd/img/2018/01/1516080676005_130*130.jpg,엠엘비,"10대,20대,30대","스포츠,ACC·잡화"
38위,https://img.sta1.com/_up/brnd/img/2018/01/1516080452047_130*130.jpg,골든구스,"10대,20대,30대","컨템포러리·명품,슈즈"
39위,https://img.sta1.com/_up/brnd/img/2018/01/1516080618990_130*130.jpg,노스페이스,"10대,20대,30대","스포츠,골프·아웃도어"
40위,https://img.sta1.com/_up/brnd/img/2018/04/1524627527619_n1.jpg,내셔널지오그래픽,"10대,20대,30대","스포츠,골프·아웃도어"
41위,https://img.sta1.com/_up/brnd/img/2018/10/1539758418920_n3.jpg,세인트제임스,"10대,20대,30대",캐주얼
42위,https://img.sta1.com/_up/brnd/img/2018/01/1516149195768_130*130.jpg,까르띠에,"20대,30대","컨템포러리·명품,ACC·잡화"
43위,https://img.sta1.com/_up/brnd/img/2018/01/1516235203978_130*130.jpg,스투시,"10대,20대,30대","스트릿·도매스틱,캐주얼"
44위,https://img.sta1.com/_up/brnd/img/2018/05/1525315116245_n3.jpg,다이나핏,"10대,20대,30대",스포츠
45위,https://img.sta1.com/_up/brnd/img/2018/01/1516080618570_130*130.jpg,스파이더,"10대,20대,30대",스포츠
46위,https://img.sta1.com/_up/brnd/img/2018/01/1516085258234_130*130.jpg,케이투,"10대,20대,30대","스포츠,골프·아웃도어"
47위,https://img.sta1.com/_up/brnd/img/2018/01/1516149331108_130*130.jpg,오니츠카타이거,"10대,20대,30대",슈즈
48위,https://img.sta1.com/_up/brnd/img/2018/01/1516149272207_130*130.jpg,롤렉스,"20대,30대","컨템포러리·명품,ACC·잡화"
49위,https://img.sta1.com/_up/brnd/img/2018/01/1516080651312_130*130.jpg,데상트,"10대,20대,30대",스포츠
50위,https://img.sta1.com/_up/brnd/img/2018/01/1516149204140_130*130.jpg,널디,"10대,20대,30대","스트릿·도매스틱,캐주얼"
51위,https://img.sta1.com/_up/brnd/img/2018/06/1530154258988_n3.jpg,에스티엘,"10대,20대,30대",스포츠
52위,https://img.sta1.com/_up/brnd/img/2018/10/1540347869779_n3.jpg,루이까또즈,"20대,30대","가방,ACC·잡화"
53위,https://img.sta1.com/_up/brnd/img/2018/01/1516080484012_130*130.jpg,빈폴,"10대,20대,30대","트래디셔널,골프·아웃도어"
54위,https://img.sta1.com/_up/brnd/img/2018/01/1516234792379_130*130.jpg,고야드,"20대,30대","컨템포러리·명품,슈즈,가방"
55위,https://img.sta1.com/_up/brnd/img/2018/10/1539572974995_n3.jpg,프로스펙스,"10대,20대,30대","스포츠,골프·아웃도어"
56위,https://img.sta1.com/_up/brnd/img/2018/01/1516080480744_130*130.jpg,꼼데가르송,"20대,30대","캐주얼,컨템포러리·명품"
57위,https://img.sta1.com/_up/brnd/img/2018/10/1539324737887_n3.jpg,젠틀몬스터,"10대,20대,30대",ACC·잡화
58위,https://img.sta1.com/_up/brnd/img/2018/02/1518502373914_130*130.jpg,헬렌카민스키,"20대,30대","컨템포러리·명품,ACC·잡화"
59위,https://img.sta1.com/_up/brand/2019/08/09/1565320315640-m.jpg,코오롱스포츠,"10대,20대,30대","스포츠,골프·아웃도어"
60위,https://img.sta1.com/_up/brnd/img/2018/01/1516149281705_130*130.jpg,마시모두띠,"20대,30대",SPA
61위,https://img.sta1.com/_up/brnd/img/2018/01/1516080520092_130*130.jpg,슈펜,"10대,20대,30대",슈즈
62위,https://img.sta1.com/_up/brnd/img/2018/01/1516149370542_130*130.jpg,생로랑,"20대,30대","컨템포러리·명품,슈즈,가방"
63위,https://img.sta1.com/_up/brand/2019/10/30/1572416095747-m.jpg,리복,"10대,20대,30대",스포츠
64위,https://img.sta1.com/_up/brnd/img/2018/01/1516085457113_130*130.jpg,푸마,"10대,20대,30대",스포츠
65위,https://img.sta1.com/_up/brnd/img/2018/01/1516149443701_130*130.jpg,캉골,"10대,20대,30대",캐주얼
66위,https://img.sta1.com/_up/brnd/img/2018/01/1516149363384_130*130.jpg,오프화이트,"20대,30대","스트릿·도매스틱,컨템포러리·명품"
67위,https://img.sta1.com/_up/brnd/img/2018/10/1539324592312_n3.jpg,알렉산더맥퀸,"20대,30대","컨템포러리·명품,슈즈,가방"
68위,https://img.sta1.com/_up/brnd/img/2018/01/1516085204528_130*130.jpg,칼하트,"10대,20대,30대","스트릿·도매스틱,캐주얼"
69위,https://img.sta1.com/_up/brnd/img/2018/01/1516080640524_130*130.jpg,닥터마틴,"10대,20대,30대",슈즈
70위,https://img.sta1.com/_up/brnd/img/2018/01/1516235168709_130*130.jpg,스위치,"10대,20대,30대",가방
71위,https://img.sta1.com/_up/brnd/img/2018/01/1516149320257_130*130.jpg,발렌티노,"20대,30대","컨템포러리·명품,슈즈,가방"
72위,https://img.sta1.com/_up/brnd/img/2018/01/1516324038817_130*130.jpg,핏플랍,"10대,20대,30대",슈즈
73위,https://img.sta1.com/_up/brnd/img/2018/01/1516149232926_130*130.jpg,닥스,"20대,30대","가방,ACC·잡화"
74위,https://img.sta1.com/_up/brnd/img/2018/01/1516085518797_130*130.jpg,헤지스,"20대,30대","트래디셔널,골프·아웃도어"
75위,https://img.sta1.com/_up/brnd/img/2018/01/1516149479309_130*130.jpg,코치,"20대,30대","컨템포러리·명품,가방,ACC·잡화"
76위,https://img.sta1.com/_up/brnd/img/2018/01/1516235515783_130*130.jpg,페라가모,"20대,30대","컨템포러리·명품,슈즈,가방"
77위,https://img.sta1.com/_up/brnd/img/2018/10/1539671289373_n3.jpg,망고,"10대,20대,30대",SPA
78위,https://img.sta1.com/_up/brand/2019/10/30/1572416361931-m.jpg,아이더,"10대,20대,30대","스포츠,골프·아웃도어"
79위,https://img.sta1.com/_up/brand/2019/10/30/1572416265391-m.jpg,블랙야크,"10대,20대,30대","스포츠,골프·아웃도어"
80위,https://img.sta1.com/_up/brnd/img/2018/01/1516149462992_130*130.jpg,펜디,"20대,30대","컨템포러리·명품,슈즈,가방"
81위,https://img.sta1.com/_up/brnd/img/2018/02/1519369427754_n3.jpg,몽블랑,"20대,30대","컨템포러리·명품,ACC·잡화"
82위,https://img.sta1.com/_up/brnd/img/2018/01/1516582025277_130*130.jpg,아페쎄,"20대,30대",컨템포러리·명품
83위,https://img.sta1.com/_up/brnd/img/2018/01/1516149184473_130*130.jpg,게스,"20대,30대","캐주얼,데님·Jean"
84위,https://img.sta1.com/_up/brnd/img/2018/01/1516944755950_130*130.jpg,아크네스튜디오,"20대,30대",컨템포러리·명품
85위,https://img.sta1.com/_up/brnd/img/2018/10/1539324479433_n3.jpg,비비안웨스트우드,"20대,30대","컨템포러리·명품,슈즈,가방"
86위,https://img.sta1.com/_up/brnd/img/2018/10/1539572448374_n3.jpg,뉴에라,"10대,20대,30대","스포츠,ACC·잡화"
87위,https://img.sta1.com/_up/brnd/img/2018/01/1516149402532_130*130.jpg,스케쳐스,"10대,20대,30대",스포츠
88위,https://img.sta1.com/_up/brand/2019/10/30/1572415988358-m.jpg,마인드브릿지,"20대,30대",캐주얼
89위,https://img.sta1.com/_up/brnd/img/2018/01/1516080759344_130*130.jpg,르꼬끄,"10대,20대,30대",스포츠
90위,https://img.sta1.com/_up/brnd/img/2018/10/1539324630849_n3.jpg,엠씨엠,"20대,30대","컨템포러리·명품,가방,ACC·잡화"
91위,https://img.sta1.com/_up/brnd/img/2018/02/1519369733764_n3.jpg,시리즈,"20대,30대",캐주얼
92위,https://img.sta1.com/_up/brnd/img/2018/01/1516235424120_130*130.jpg,캘빈클라인,"10대,20대,30대","데님·Jean,언더웨어"
93위,https://img.sta1.com/_up/brnd/img/2018/10/1539324506489_n3.jpg,아식스,"10대,20대,30대",스포츠
94위,https://img.sta1.com/_up/brnd/img/2018/02/1519370660331_n3.jpg,태그호이어,"20대,30대","컨템포러리·명품,ACC·잡화"
95위,https://img.sta1.com/_up/brnd/img/2018/02/1519370459341_n3.jpg,커버낫,"10대,20대,30대","스트릿·도매스틱,캐주얼"
96위,https://img.sta1.com/_up/brnd/img/2018/04/1524627592465_n3.jpg,네파,"10대,20대,30대","스포츠,골프·아웃도어"
97위,https://img.sta1.com/_up/brnd/img/2018/01/1516080675531_130*130.jpg,디스이즈네버댓,"10대,20대,30대","스트릿·도매스틱,캐주얼"
98위,https://img.sta1.com/_up/brnd/img/2018/10/1539834291295_n3.jpg,후아유,"10대,20대,30대",캐주얼
99위,https://img.sta1.com/_up/brnd/img/2018/01/1516323366419_130*130.jpg,리바이스,"10대,20대,30대","캐주얼,데님·Jean"
100위,https://img.sta1.com/_up/brand/2020/01/06/1578284338504-m.jpg,아크메드라비,"10대,20대","디자이너,캐주얼"
101위,https://img.sta1.com/_up/brnd/img/2018/10/1539572958970_n3.jpg,프레드페리,"20대,30대","캐주얼,트래디셔널"
102위,https://img.sta1.com/_up/brnd/img/2018/10/1539572759437_n3.jpg,엄브로,"10대,20대,30대",스포츠
103위,https://img.sta1.com/_up/brnd/img/2018/01/1516149243361_130*130.jpg,디폴트,"10대,20대,30대","스트릿·도매스틱,캐주얼"
104위,https://img.sta1.com/_up/brnd/img/2018/06/1529656200207_n3.jpg,어프어프,"10대,20대,30대",ACC·잡화
105위,https://img.sta1.com/_up/brnd/img/2018/01/1516085273309_130*130.jpg,코데즈컴바인,"10대,20대,30대",캐주얼
106위,https://img.sta1.com/_up/brnd/img/2018/01/1516149251988_130*130.jpg,띠어리,"20대,30대","캐주얼,컨템포러리·명품"
107위,https://img.sta1.com/_up/brnd/img/2018/02/1519370373277_n3.jpg,지오지아,"20대,30대","캐주얼,정장"
108위,https://img.sta1.com/_up/brnd/img/2018/01/1516080528878_130*130.jpg,슈프림,"10대,20대,30대","스트릿·도매스틱,캐주얼"
109위,https://img.sta1.com/_up/brnd/img/2018/01/1516582141984_130*130.jpg,캘러웨이,"20대,30대",골프·아웃도어
110위,https://img.sta1.com/_up/brnd/img/2018/01/1516323844840_130*130.jpg,와이드앵글,"20대,30대",골프·아웃도어
111위,https://img.sta1.com/_up/brnd/img/2018/01/1516235503673_130*130.jpg,팬텀,"20대,30대",골프·아웃도어
112위,https://img.sta1.com/_up/brnd/img/2018/04/1524647598423_n3.jpg,에스티코,"20대,30대",정장
113위,https://img.sta1.com/_up/brnd/img/2018/01/1516323525998_130*130.jpg,불가리,"20대,30대","컨템포러리·명품,ACC·잡화"
114위,https://img.sta1.com/_up/brnd/img/2019/03/1552553184430_n1.jpg,비바스튜디오,"10대,20대,30대","스트릿·도매스틱,캐주얼"
115위,https://img.sta1.com/_up/brnd/img/2018/02/1519369763162_n3.jpg,시피컴퍼니,"10대,20대,30대",캐주얼
116위,https://img.sta1.com/_up/brnd/img/2018/01/1516581829808_130*130.jpg,버닝,"10대,20대","스트릿·도매스틱,캐주얼"
117위,https://img.sta1.com/_up/brnd/img/2018/07/1531112928190_n3.jpg,지오송지오,"20대,30대","디자이너,정장"
118위,https://img.sta1.com/_up/brnd/img/2018/05/1525315135396_n3.jpg,아더에러,"10대,20대,30대","디자이너,캐주얼"
119위,https://img.sta1.com/_up/brnd/img/2018/01/1516235390444_130*130.jpg,지샥,"10대,20대,30대",ACC·잡화
120위,https://img.sta1.com/_up/brnd/img/2018/08/1533103852956_n3.jpg,수페르가,"10대,20대,30대",슈즈
121위,https://img.sta1.com/_up/brnd/img/2018/02/1517445392487_130*130.jpg,버켄스탁,"10대,20대,30대",슈즈
122위,https://img.sta1.com/_up/brnd/img/2018/04/1522820263582_n3.jpg,비슬로우,"20대,30대","디자이너,캐주얼"
123위,https://img.sta1.com/_up/brnd/img/2018/01/1516149415921_130*130.jpg,지방시,"20대,30대","컨템포러리·명품,슈즈,가방"
124위,https://img.sta1.com/_up/brnd/img/2018/04/1524647571171_n3.jpg,커스텀멜로우,"20대,30대","캐주얼,정장"
125위,https://img.sta1.com/_up/brnd/img/2018/01/1516149222969_130*130.jpg,다니엘웰링턴,"10대,20대,30대",ACC·잡화
126위,https://img.sta1.com/_up/brnd/img/2018/01/1516235457813_130*130.jpg,토즈,"20대,30대","컨템포러리·명품,슈즈"
127위,https://img.sta1.com/_up/brnd/img/2018/01/1516235309207_130*130.jpg,엑셀시오르,"10대,20대,30대",슈즈
128위,https://img.sta1.com/_up/brnd/img/2018/01/1516944740380_130*130.jpg,앤더슨벨,"10대,20대,30대","디자이너,캐주얼"
129위,https://img.sta1.com/_up/brnd/img/2018/10/1540348040637_n3.jpg,파리게이츠,"20대,30대",골프·아웃도어
130위,https://img.sta1.com/_up/brnd/img/2018/02/1519370569763_n3.jpg,크롬하츠,"20대,30대","컨템포러리·명품,ACC·잡화"
131위,https://img.sta1.com/_up/brnd/img/2018/05/1527491670235_n3.jpg,미즈노,"10대,20대,30대",스포츠
132위,https://img.sta1.com/_up/brnd/img/2018/01/1516323662182_130*130.jpg,아크테릭스,"10대,20대,30대","스포츠,골프·아웃도어"
133위,https://img.sta1.com/_up/brnd/img/2018/02/1519370505949_n3.jpg,컨셉원,"20대,30대",정장
134위,https://img.sta1.com/_up/brnd/img/2018/01/1516582053900_130*130.jpg,오베이,"10대,20대,30대","디자이너,캐주얼"
135위,https://img.sta1.com/_up/brnd/img/2018/01/1516323783676_130*130.jpg,오메가,"20대,30대","컨템포러리·명품,ACC·잡화"
136위,https://img.sta1.com/_up/brnd/img/2018/10/1539567526919_n3.jpg,마크곤잘레스,"10대,20대,30대","스트릿·도매스틱,캐주얼"
137위,https://img.sta1.com/_up/brnd/img/2018/01/1516235488179_130*130.jpg,팔칠엠엠,"10대,20대,30대","디자이너,캐주얼"
138위,https://img.sta1.com/_up/brnd/img/2019/07/1562225304171_n3.jpg,퓨즈서울,"10대,20대","스트릿·도매스틱,디자이너"
139위,https://img.sta1.com/_up/brnd/img/2018/10/1539834236345_n3.jpg,챔피온,"20대,30대","스트릿·도매스틱,캐주얼"
140위,https://img.sta1.com/_up/brnd/img/2018/01/1516080440542_130*130.jpg,갭,"10대,20대,30대",SPA
141위,https://img.sta1.com/_up/brnd/img/2018/04/1524627816112_n3.jpg,밀레,"10대,20대,30대","스포츠,골프·아웃도어"
142위,https://img.sta1.com/_up/brnd/img/2018/04/1524628254873_n3.jpg,피엘라벤,"10대,20대,30대","스포츠,골프·아웃도어"
143위,https://img.sta1.com/_up/brnd/img/2018/02/1519370807582_n3.jpg,프레드릭콘스탄트,"20대,30대","컨템포러리·명품,ACC·잡화"
144위,https://img.sta1.com/_up/brnd/img/2018/07/1531117868924_n3.jpg,베르사체,"20대,30대","컨템포러리·명품,슈즈,가방"
145위,https://img.sta1.com/_up/brnd/img/2018/01/1516149521072_130*130.jpg,클럽모나코,"20대,30대",캐주얼
146위,https://img.sta1.com/_up/brnd/img/2018/01/1516665798215_130*130.jpg,그램,"10대,20대,30대","디자이너,슈즈"
147위,https://img.sta1.com/_up/brnd/img/2018/10/1540347988088_n3.jpg,에프씨엠엠,"10대,20대","스트릿·도매스틱,캐주얼"
148위,https://img.sta1.com/_up/brnd/img/2018/01/1516085232558_130*130.jpg,컬럼비아,"10대,20대,30대","스포츠,골프·아웃도어"
149위,https://img.sta1.com/_up/brnd/img/2018/01/1516234766840_130*130.jpg,겐조,"20대,30대",컨템포러리·명품
150위,https://img.sta1.com/_up/brnd/img/2018/01/1516234869129_130*130.jpg,로맨틱크라운,"10대,20대,30대","스트릿·도매스틱,캐주얼"
151위,https://img.sta1.com/_up/brnd/img/2018/02/1519370137441_n3.jpg,엘엠씨,"10대,20대,30대","스트릿·도매스틱,캐주얼"
152위,https://img.sta1.com/_up/brnd/img/2018/01/1516235249737_130*130.jpg,알도,"10대,20대,30대",슈즈
153위,https://img.sta1.com/_up/brnd/img/2018/02/1518077675516_130*130.jpg,만다리나덕,"10대,20대,30대","가방,ACC·잡화"
154위,https://img.sta1.com/_up/brnd/img/2018/01/1516235473579_130*130.jpg,티쏘,"10대,20대,30대",ACC·잡화
155위,https://img.sta1.com/_up/brnd/img/2018/01/1516323455179_130*130.jpg,마크제이콥스,"20대,30대","컨템포러리·명품,슈즈,가방"
156위,https://img.sta1.com/_up/brnd/img/2018/02/1519370674305_n3.jpg,토니웩,"10대,20대,30대","디자이너,캐주얼"
157위,https://img.sta1.com/_up/brnd/img/2018/01/1516581769239_130*130.jpg,멀버리,"20대,30대","컨템포러리·명품,가방,ACC·잡화"
158위,https://img.sta1.com/_up/brnd/img/2018/10/1539765896566_n3.jpg,쌤소나이트,"10대,20대,30대","가방,ACC·잡화"
159위,https://img.sta1.com/_up/brnd/img/2018/06/1530154335400_n3.jpg,준지,"20대,30대",컨템포러리·명품
160위,https://img.sta1.com/_up/brnd/img/2018/01/1516581587457_130*130.jpg,돌체앤가바나,"20대,30대",컨템포러리·명품
161위,https://img.sta1.com/_up/brnd/img/2018/01/1516666271708_130*130.jpg,엠에스쥐엠,"20대,30대","컨템포러리·명품,슈즈,가방"
162위,https://img.sta1.com/_up/brnd/img/2018/01/1516235120059_130*130.jpg,살레와,"10대,20대,30대",골프·아웃도어
163위,https://img.sta1.com/_up/brnd/img/2018/04/1523608131779_n3.jpg,폴햄,"10대,20대,30대",캐주얼
164위,https://img.sta1.com/_up/brnd/img/2018/01/1516582127870_130*130.jpg,카시오,"10대,20대,30대",ACC·잡화
165위,https://img.sta1.com/_up/brnd/img/2018/07/1531113050377_n3.jpg,리버클래시,"20대,30대",정장
166위,https://img.sta1.com/_up/brnd/img/2018/02/1519370754213_n3.jpg,팔라스,"10대,20대,30대","스트릿·도매스틱,컨템포러리·명품"
167위,https://img.sta1.com/_up/brnd/img/2018/01/1516581621239_130*130.jpg,디케이엔와이,"20대,30대",컨템포러리·명품
168위,https://img.sta1.com/_up/brnd/img/2018/01/1516323558821_130*130.jpg,소다,"10대,20대,30대",슈즈
169위,https://img.sta1.com/_up/brnd/img/2018/02/1519370872364_n3.jpg,피어오브갓,"20대,30대","스트릿·도매스틱,컨템포러리·명품"
170위,https://img.sta1.com/_up/brnd/img/2018/02/1519369637609_n3.jpg,브룩스브라더스,"20대,30대",정장
171위,https://img.sta1.com/_up/brnd/img/2018/01/1516235076291_130*130.jpg,비욘드클로젯,"10대,20대","디자이너,캐주얼"
172위,https://img.sta1.com/_up/brnd/img/2018/01/1516323951962_130*130.jpg,커먼프로젝트,"20대,30대",슈즈
173위,https://img.sta1.com/_up/brnd/img/2018/01/1516080414669_130*130.jpg,무스너클,"20대,30대",컨템포러리·명품
174위,https://img.sta1.com/_up/brnd/img/2018/02/1517802397562_130*130.jpg,라인프렌즈,"10대,20대,30대","캐주얼,ACC·잡화"
175위,https://img.sta1.com/_up/brnd/img/2018/01/1516149563771_130*130.jpg,팀버랜드,"10대,20대,30대",슈즈
176위,https://img.sta1.com/_up/brnd/img/2019/04/1555914306060_n3.jpg,헨리코튼,"20대,30대","캐주얼,정장"
177위,https://img.sta1.com/_up/brnd/img/2018/02/1519370551798_n3.jpg,크로커다일,"20대,30대","캐주얼,정장"
178위,https://img.sta1.com/_up/brnd/img/2018/10/1539660517621_n3.jpg,마크앤로나,"20대,30대",골프·아웃도어
179위,https://img.sta1.com/_up/brnd/img/2018/01/1516581690953_130*130.jpg,로로피아나,"20대,30대",컨템포러리·명품
180위,https://img.sta1.com/_up/brnd/img/2018/01/1516235011874_130*130.jpg,베트멍,"20대,30대","스트릿·도매스틱,컨템포러리·명품"
181위,https://img.sta1.com/_up/brnd/img/2018/01/1516581998475_130*130.jpg,아이더블유씨,"20대,30대","컨템포러리·명품,ACC·잡화"
182위,https://img.sta1.com/_up/brnd/img/2018/01/1516582172474_130*130.jpg,톰포드,"20대,30대","컨템포러리·명품,가방,ACC·잡화"
183위,https://img.sta1.com/_up/brnd/img/2018/01/1516666397667_130*130.jpg,캠퍼,"10대,20대,30대",슈즈
184위,https://img.sta1.com/_up/brnd/img/2018/01/1516944635434_130*130.jpg,어커버,"10대,20대,30대","스트릿·도매스틱,캐주얼"
185위,https://img.sta1.com/_up/brnd/img/2018/01/1516666088731_130*130.jpg,빅토리아슈즈,"10대,20대,30대",슈즈
186위,https://img.sta1.com/_up/brnd/img/2018/01/1516858724205_130*130.jpg,풋조이,"20대,30대",골프·아웃도어
187위,https://img.sta1.com/_up/brnd/img/2018/01/1516323472296_130*130.jpg,바버,"20대,30대","캐주얼,트래디셔널"
188위,https://img.sta1.com/_up/brnd/img/2018/01/1516858367693_130*130.jpg,레이벤,"10대,20대,30대",ACC·잡화
189위,https://img.sta1.com/_up/brnd/img/2018/01/1516581884768_130*130.jpg,세이코,"20대,30대",ACC·잡화
190위,https://img.sta1.com/_up/brnd/img/2018/02/1517530954282_130*130.jpg,탐스,"10대,20대,30대",슈즈
191위,https://img.sta1.com/_up/brnd/img/2018/01/1516581633927_130*130.jpg,랑방,"20대,30대","컨템포러리·명품,슈즈,가방"
192위,https://img.sta1.com/_up/brnd/img/2018/02/1519369544236_n3.jpg,베이프,"10대,20대,30대","디자이너,캐주얼"
193위,https://img.sta1.com/_up/brnd/img/2018/01/1516581571489_130*130.jpg,니코앤드,"10대,20대,30대",SPA
194위,https://img.sta1.com/_up/brnd/img/2018/01/1516323307432_130*130.jpg,디젤,"10대,20대,30대","캐주얼,데님·Jean"
195위,https://img.sta1.com/_up/brnd/img/2018/01/1516666677846_130*130.jpg,핑,"20대,30대",골프·아웃도어
196위,https://img.sta1.com/_up/brnd/img/2018/02/1519370254638_n3.jpg,인사일런스,"10대,20대,30대","디자이너,캐주얼"
197위,https://img.sta1.com/_up/brnd/img/2018/01/1516581967633_130*130.jpg,시티즌,"10대,20대,30대",ACC·잡화
198위,https://img.sta1.com/_up/brnd/img/2018/02/1519370218008_n3.jpg,유니폼브릿지,"10대,20대,30대",캐주얼
199위,https://img.sta1.com/_up/brnd/img/2018/02/1519370860873_n3.jpg,플루크,"10대,20대,30대","스트릿·도매스틱,캐주얼"
200위,https://img.sta1.com/_up/brnd/img/2018/02/1519369608871_n3.jpg,브라이틀링,"20대,30대",ACC·잡화
201위,https://img.sta1.com/_up/brnd/img/2018/01/1516235562016_130*130.jpg,피스워커,"10대,20대,30대","디자이너,데님·Jean"
202위,https://img.sta1.com/_up/brnd/img/2018/01/1516666663029_130*130.jpg,플랙,"10대,20대,30대","캐주얼,데님·Jean"
203위,https://img.sta1.com/_up/brnd/img/2018/02/1519369287898_n3.jpg,마하그리드,"10대,20대,30대","스트릿·도매스틱,캐주얼"
204위,https://img.sta1.com/_up/brnd/img/2018/01/1516666689578_130*130.jpg,해밀턴,"20대,30대",ACC·잡화
205위,https://img.sta1.com/_up/brnd/img/2018/01/1516755696255_130*130.jpg,이스트팩,"10대,20대,30대",가방
206위,https://img.sta1.com/_up/brnd/img/2018/02/1519369896700_n3.jpg,트레셔,"10대,20대,30대","스트릿·도매스틱,캐주얼"
207위,https://img.sta1.com/_up/brnd/img/2018/04/1524628272863_n1.jpg,헤드,"10대,20대,30대",스포츠
208위,https://img.sta1.com/_up/brnd/img/2019/04/1555914416599_n3.jpg,라카이,"10대,20대,30대",스포츠
209위,https://img.sta1.com/_up/brnd/img/2018/01/1517306432285_130*130.jpg,올세인츠,"20대,30대","캐주얼,컨템포러리·명품"
210위,https://img.sta1.com/_up/brnd/img/2018/01/1516323408094_130*130.jpg,리스펙트,"10대,20대,30대","스트릿·도매스틱,캐주얼"
211위,https://img.sta1.com/_up/brnd/img/2018/04/1523324871686_n3.jpg,엘레쎄,"10대,20대,30대",스포츠
212위,https://img.sta1.com/_up/brnd/img/2018/01/1516323916226_130*130.jpg,카파,"10대,20대,30대","스포츠,골프·아웃도어"
213위,https://img.sta1.com/_up/brnd/img/2018/01/1516323626097_130*130.jpg,아메리칸이글,"10대,20대,30대",SPA
214위,https://img.sta1.com/_up/brnd/img/2018/02/1519370777792_n3.jpg,폴스미스,"20대,30대","컨템포러리·명품,ACC·잡화"
215위,https://img.sta1.com/_up/brnd/img/2018/02/1519370385110_n3.jpg,지이크,"20대,30대",정장
216위,https://img.sta1.com/_up/brnd/img/2018/01/1516666112147_130*130.jpg,스텔라맥카트니,"20대,30대","컨템포러리·명품,슈즈,가방"
217위,https://img.sta1.com/_up/brnd/img/2018/01/1516323979797_130*130.jpg,투미,"10대,20대,30대",가방
218위,https://img.sta1.com/_up/brnd/img/2018/01/1516666245339_130*130.jpg,에트로,"20대,30대","컨템포러리·명품,가방,ACC·잡화"
219위,https://img.sta1.com/_up/brnd/img/2018/01/1516323638572_130*130.jpg,아베크롬비,"10대,20대,30대","캐주얼,트래디셔널"
220위,https://img.sta1.com/_up/brnd/img/2018/01/1516755484928_130*130.jpg,블루마운틴,"10대,20대,30대",슈즈
221위,https://img.sta1.com/_up/brnd/img/2018/04/1523859993919_n3.jpg,디키즈,"10대,20대",캐주얼
222위,https://img.sta1.com/_up/brnd/img/2018/02/1519369344319_n3.jpg,모드나인,"10대,20대,30대","캐주얼,데님·Jean"
223위,https://img.sta1.com/_up/brnd/img/2018/05/1525315149794_n3.jpg,척,"10대,20대","스트릿·도매스틱,캐주얼"
224위,https://img.sta1.com/_up/brnd/img/2018/02/1519370739443_n3.jpg,티엔지티,"20대,30대","캐주얼,정장"
225위,https://img.sta1.com/_up/brnd/img/2018/01/1516581645916_130*130.jpg,레노마,"10대,20대,30대","스포츠,골프·아웃도어"
226위,https://img.sta1.com/_up/brnd/img/2018/10/1539572938935_n3.jpg,포니,"10대,20대,30대",슈즈
227위,https://img.sta1.com/_up/brnd/img/2018/02/1519369273825_n3.jpg,마에스트로,"20대,30대",정장
228위,https://img.sta1.com/_up/brnd/img/2018/02/1519369723185_n3.jpg,스티그마,"10대,20대,30대","스트릿·도매스틱,캐주얼"
229위,https://img.sta1.com/_up/brnd/img/2018/07/1533027683989_n3.jpg,로맨틱파이어리츠,"20대,30대","디자이너,캐주얼"
230위,https://img.sta1.com/_up/brnd/img/2018/01/1516666489006_130*130.jpg,킨,"10대,20대,30대",슈즈
231위,https://img.sta1.com/_up/brnd/img/2019/04/1555914490719_n3.jpg,페이탈리즘,"10대,20대,30대","캐주얼,데님·Jean"
232위,https://img.sta1.com/_up/brnd/img/2018/02/1519370529939_n3.jpg,코모도,"20대,30대",정장
233위,https://img.sta1.com/_up/brnd/img/2018/01/1516323512702_130*130.jpg,베이직하우스,"10대,20대,30대",캐주얼
234위,https://img.sta1.com/_up/brnd/img/2018/01/1516149261953_130*130.jpg,라푸마,"10대,20대,30대","스포츠,골프·아웃도어"
235위,https://img.sta1.com/_up/brnd/img/2018/04/1523608145959_n3.jpg,프로젝트엠,"10대,20대,30대",캐주얼
236위,https://img.sta1.com/_up/brnd/img/2018/02/1519370848630_n3.jpg,프리즘웍스,"20대,30대","디자이너,캐주얼"
237위,https://img.sta1.com/_up/brnd/img/2018/02/1519370726742_n3.jpg,티아이포맨,"20대,30대","캐주얼,정장"
238위,https://img.sta1.com/_up/brnd/img/2018/05/1525315235428_n3.jpg,행텐,"10대,20대,30대",캐주얼
239위,https://img.sta1.com/_up/brnd/img/2018/02/1519369558295_n3.jpg,벨루티,"20대,30대","캐주얼,트래디셔널"
240위,https://img.sta1.com/_up/brnd/img/2019/03/1552553251479_n1.jpg,텐디,"10대,20대,30대",슈즈
241위,https://img.sta1.com/_up/brnd/img/2018/01/1516755414978_130*130.jpg,발렉스트라,"20대,30대","컨템포러리·명품,가방,ACC·잡화"
242위,https://img.sta1.com/_up/brnd/img/2018/04/1524628399077_n3.jpg,몽벨,"10대,20대,30대","스포츠,골프·아웃도어"
243위,https://img.sta1.com/_up/brnd/img/2018/01/1516755298790_130*130.jpg,디스퀘어드2,"20대,30대","데님·Jean,컨템포러리·명품"
244위,https://img.sta1.com/_up/brnd/img/2018/04/1523610969329_n3.jpg,에이치커넥트,"10대,20대,30대",SPA
245위,https://img.sta1.com/_up/brnd/img/2018/01/1516666650097_130*130.jpg,페이유에,"10대,20대,30대",슈즈
246위,https://img.sta1.com/_up/brnd/img/2018/01/1516666282613_130*130.jpg,위블로,"20대,30대","컨템포러리·명품,ACC·잡화"
247위,https://img.sta1.com/_up/brnd/img/2018/01/1516323968039_130*130.jpg,테이트,"10대,20대,30대",캐주얼
248위,https://img.sta1.com/_up/brnd/img/2018/02/1519369963626_n3.jpg,아웃스탠딩컴퍼니,"10대,20대,30대",캐주얼
249위,https://img.sta1.com/_up/brnd/img/2018/01/1516666450606_130*130.jpg,클라이드앤,"10대,20대,30대",캐주얼
250위,https://img.sta1.com/_up/brnd/img/2018/01/1516323495728_130*130.jpg,버커루,"10대,20대,30대","캐주얼,데님·Jean"
251위,https://img.sta1.com/_up/brnd/img/2018/02/1519370641729_n3.jpg,타임옴므,"20대,30대","컨템포러리·명품,정장"
252위,https://img.sta1.com/_up/brnd/img/2018/02/1519370603405_n3.jpg,크리틱,"10대,20대","스트릿·도매스틱,캐주얼"
253위,https://img.sta1.com/_up/brnd/img/2018/02/1519372638872_n3.jpg,파르티멘토,"10대,20대","스트릿·도매스틱,캐주얼"
254위,https://img.sta1.com/_up/brnd/img/2018/02/1519369098306_n3.jpg,더티셔츠뮤지엄,"10대,20대,30대","스트릿·도매스틱,캐주얼"
255위,https://img.sta1.com/_up/brnd/img/2018/02/1519370204032_n3.jpg,와이쓰리,"20대,30대","컨템포러리·명품,슈즈"
256위,https://img.sta1.com/_up/brnd/img/2018/01/1517306524939_130*130.jpg,츄바스코,"10대,20대,30대",슈즈
257위,https://img.sta1.com/_up/brnd/img/2018/01/1516582226934_130*130.jpg,파슬,"10대,20대,30대",ACC·잡화
258위,https://img.sta1.com/_up/brnd/img/2018/01/1517306388325_130*130.jpg,어피스오브케이크,"10대,20대","디자이너,캐주얼"
259위,https://img.sta1.com/_up/brnd/img/2018/01/1516582155253_130*130.jpg,클락스,"10대,20대,30대",슈즈
260위,https://img.sta1.com/_up/brnd/img/2018/01/1516666020251_130*130.jpg,발망,"20대,30대",컨템포러리·명품
261위,https://img.sta1.com/_up/brnd/img/2018/01/1516858215562_130*130.jpg,47브랜드,"10대,20대,30대",ACC·잡화
262위,https://img.sta1.com/_up/brnd/img/2018/01/1517273848959_130*130.jpg,이십삼점육오,"10대,20대,30대","디자이너,슈즈"
263위,https://img.sta1.com/_up/brnd/img/2018/02/1519370092872_n3.jpg,에스피오나지,"10대,20대,30대","스트릿·도매스틱,캐주얼"
264위,https://img.sta1.com/_up/brnd/img/2018/05/1525315221671_n3.jpg,라프시몬스,"20대,30대","컨템포러리·명품,슈즈"
265위,https://img.sta1.com/_up/brnd/img/2018/02/1519371639783_n3.jpg,브라운야드,"20대,30대","스트릿·도매스틱,캐주얼"
266위,https://img.sta1.com/_up/brnd/img/2018/02/1519369358074_n3.jpg,모디파이드,"10대,20대","스트릿·도매스틱,캐주얼"
267위,https://img.sta1.com/_up/brnd/img/2018/02/1519372369404_n3.jpg,에이카화이트,"10대,20대,30대","스트릿·도매스틱,캐주얼"
268위,https://img.sta1.com/_up/brnd/img/2018/02/1519370899847_n3.jpg,필립플레인,"20대,30대","컨템포러리·명품,ACC·잡화"
269위,https://img.sta1.com/_up/brand/2019/10/30/1572416547407-m.jpg,쥬네스,"10대,20대","디자이너,캐주얼"
270위,https://img.sta1.com/_up/brnd/img/2018/02/1519370965559_n3.jpg,휴고보스,"20대,30대","컨템포러리·명품,정장"
271위,https://img.sta1.com/_up/brnd/img/2018/02/1519369571554_n3.jpg,벨리에,"10대,20대,30대","디자이너,캐주얼"
272위,https://img.sta1.com/_up/brnd/img/2018/02/1519369479364_n3.jpg,바이브레이트,"10대,20대,30대","스트릿·도매스틱,캐주얼"
273위,https://img.sta1.com/_up/brnd/img/2018/01/1517273968385_130*130.jpg,트리플에이,"10대,20대,30대",캐주얼
274위,https://img.sta1.com/_up/brnd/img/2018/04/1524647539862_n3.jpg,바스통,"10대,20대,30대","디자이너,캐주얼"
275위,https://img.sta1.com/_up/brnd/img/2018/10/1540170741598_n3.jpg,챈스챈스,"10대,20대,30대","스트릿·도매스틱,캐주얼"
276위,https://img.sta1.com/_up/brnd/img/2018/02/1519372336165_n3.jpg,에반크리스,"20대,30대",언더웨어
277위,https://img.sta1.com/_up/brnd/img/2018/02/1519369135235_n3.jpg,드로우핏,"10대,20대,30대","디자이너,캐주얼"
278위,https://img.sta1.com/_up/brnd/img/2018/04/1523501237689_n3.jpg,로가디스,"20대,30대",정장
279위,https://img.sta1.com/_up/brnd/img/2018/01/1516858696687_130*130.jpg,케이스위스,"10대,20대,30대",스포츠
280위,https://img.sta1.com/_up/brnd/img/2018/01/1516859937871_130*130.jpg,삭스어필,"10대,20대,30대",ACC·잡화
281위,https://img.sta1.com/_up/brnd/img/2018/02/1519370317227_n3.jpg,일꼬르소,"10대,20대,30대",캐주얼
282위,https://img.sta1.com/_up/brnd/img/2019/03/1552453980926_n3.jpg,메멘토모리,"20대,30대",정장
283위,https://img.sta1.com/_up/brnd/img/2018/02/1517445366854_130*130.jpg,모스키노,"20대,30대","컨템포러리·명품,슈즈,가방"
284위,https://img.sta1.com/_up/brnd/img/2018/01/1516666294039_130*130.jpg,음,"10대,20대","스트릿·도매스틱,캐주얼"
285위,https://img.sta1.com/_up/brnd/img/2018/04/1523243802970_n3.jpg,언코리,"10대,20대,30대",슈즈
286위,https://img.sta1.com/_up/brnd/img/2018/02/1519369212402_n3.jpg,로맨틱무브,"10대,20대,30대","디자이너,슈즈"
287위,https://img.sta1.com/_up/brnd/img/2018/01/1516755726873_130*130.jpg,잔스포츠,"10대,20대,30대",가방
288위,https://img.sta1.com/_up/brnd/img/2019/03/1552444004800_n1.jpg,해브어굿타임,"10대,20대,30대","디자이너,캐주얼"
289위,https://img.sta1.com/_up/brnd/img/2018/01/1516080404478_130*130.jpg,몽클레르,"20대,30대",컨템포러리·명품
290위,https://img.sta1.com/_up/brnd/img/2018/01/1516755387686_130*130.jpg,무크,"10대,20대,30대",슈즈
291위,https://img.sta1.com/_up/brand/2019/10/29/1572329622346-m.jpg,그루브라임,"10대,20대","스트릿·도매스틱,캐주얼"
292위,https://img.sta1.com/_up/brnd/img/2018/01/1516755850034_130*130.jpg,크리스찬루부탱,"20대,30대","컨템포러리·명품,슈즈"
293위,https://img.sta1.com/_up/brnd/img/2019/02/1549868061528_n3.jpg,라퍼지스토어,"10대,20대","디자이너,캐주얼"
294위,https://img.sta1.com/_up/brnd/img/2018/02/1517802616025_130*130.jpg,스프리스,"10대,20대,30대",슈즈
295위,https://img.sta1.com/_up/brnd/img/2018/01/1516581541133_130*130.jpg,누디진,"10대,20대,30대","캐주얼,데님·Jean"
296위,https://img.sta1.com/_up/brnd/img/2018/06/1530154363674_n3.jpg,노메뉴얼,"10대,20대","스트릿·도매스틱,캐주얼"
297위,https://img.sta1.com/_up/brnd/img/2018/01/1517273643441_130*130.jpg,아르고,"10대,20대,30대",스포츠
298위,https://img.sta1.com/_up/brnd/img/2018/01/1516324008797_130*130.jpg,팬콧,"10대,20대,30대",캐주얼
299위,https://img.sta1.com/_up/brand/2019/10/30/1572415808533-m.jpg,앤듀,"10대,20대,30대",캐주얼
300위,https://img.sta1.com/_up/brnd/img/2018/01/1516323294921_130*130.jpg,디자인유나이티드,"10대,20대,30대",캐주얼
301위,https://img.sta1.com/_up/brnd/img/2018/02/1519369147417_n3.jpg,라이풀,"10대,20대,30대","스트릿·도매스틱,캐주얼"
302위,https://img.sta1.com/_up/brnd/img/2018/01/1516755568636_130*130.jpg,수비,"10대,20대,30대",ACC·잡화
303위,https://img.sta1.com/_up/brnd/img/2018/02/1519369260369_n3.jpg,릭오웬스,"20대,30대","컨템포러리·명품,슈즈"
304위,https://img.sta1.com/_up/brnd/img/2018/02/1519369996794_n3.jpg,아테스토니,"20대,30대",슈즈
305위,https://img.sta1.com/_up/brnd/img/2018/02/1519370694151_n3.jpg,티비제이,"10대,20대,30대","캐주얼,데님·Jean"
306위,https://img.sta1.com/_up/brand/2019/10/30/1572416418402-m.jpg,마모트,"10대,20대,30대","스포츠,골프·아웃도어"
307위,https://img.sta1.com/_up/brnd/img/2018/07/1531112706349_n3.jpg,키플레이스진,"10대,20대,30대",데님·Jean
308위,https://img.sta1.com/_up/brnd/img/2018/01/1517273141855_130*130.jpg,꼼파뇨,"10대,20대,30대","디자이너,캐주얼"
309위,https://img.sta1.com/_up/brnd/img/2018/08/1534757688368_n3.jpg,벤데이비스,"10대,20대,30대",캐주얼
310위,https://img.sta1.com/_up/brnd/img/2018/10/1539671569637_n3.jpg,어반에이지,"10대,20대","스트릿·도매스틱,캐주얼"
311위,https://img.sta1.com/_up/brnd/img/2018/01/1516858334214_130*130.jpg,데상트골프,"20대,30대",골프·아웃도어
312위,https://img.sta1.com/_up/brnd/img/2018/01/1516666436052_130*130.jpg,크럼프,"10대,20대","스트릿·도매스틱,캐주얼"
313위,https://img.sta1.com/_up/brnd/img/2018/04/1522820232556_n3.jpg,로스트가든,"20대,30대","디자이너,슈즈"
314위,https://img.sta1.com/_up/brnd/img/2018/04/1524627624511_n3.jpg,닐바렛,"20대,30대",컨템포러리·명품
315위,https://img.sta1.com/_up/brnd/img/2018/01/1517273603284_130*130.jpg,스티브매든,"10대,20대,30대",슈즈
316위,https://img.sta1.com/_up/brnd/img/2018/10/1539834142535_n3.jpg,네스티킥,"10대,20대","스트릿·도매스틱,캐주얼"
317위,https://img.sta1.com/_up/brnd/img/2018/01/1516581927904_130*130.jpg,스코노,"10대,20대,30대",슈즈
318위,https://img.sta1.com/_up/brnd/img/2018/01/1516859873708_130*130.jpg,노미나떼,"20대,30대","디자이너,캐주얼"
319위,https://img.sta1.com/_up/brnd/img/2018/02/1517445673313_130*130.jpg,우아!,"10대,20대","스트릿·도매스틱,캐주얼"
320위,https://img.sta1.com/_up/brnd/img/2018/07/1532322814318_n3.jpg,이놈어닛,"10대,20대,30대","스트릿·도매스틱,컨템포러리·명품"
321위,https://img.sta1.com/_up/brnd/img/2018/02/1519369071723_n3.jpg,노이어,"20대,30대","디자이너,캐주얼"
322위,https://img.sta1.com/_up/brnd/img/2018/04/1524628227062_n3.jpg,파라점퍼스,"20대,30대",컨템포러리·명품
323위,https://img.sta1.com/_up/brand/2019/10/30/1572416624490-m.jpg,프랑켄모노,"10대,20대","스트릿·도매스틱,캐주얼"
324위,https://img.sta1.com/_up/brnd/img/2018/01/1516149389204_130*130.jpg,스위브,"10대,20대,30대","스트릿·도매스틱,캐주얼"
325위,https://img.sta1.com/_up/brnd/img/2018/01/1516755785420_130*130.jpg,쥬세페자노티,"20대,30대","컨템포러리·명품,슈즈"
326위,https://img.sta1.com/_up/brnd/img/2018/05/1525315205546_n3.jpg,에비수,"10대,20대,30대","캐주얼,데님·Jean"
327위,https://img.sta1.com/_up/brnd/img/2018/07/1533027761322_n3.jpg,엠블러,"10대,20대","디자이너,캐주얼"
328위,https://img.sta1.com/_up/brnd/img/2018/02/1519371509314_n3.jpg,미나브,"20대,30대","디자이너,캐주얼"
329위,https://img.sta1.com/_up/brnd/img/2018/01/1517306443605_130*130.jpg,왁,"20대,30대",골프·아웃도어
330위,https://img.sta1.com/_up/brnd/img/2018/01/1516755228777_130*130.jpg,노앙,"20대,30대","디자이너,캐주얼"
331위,https://img.sta1.com/_up/brnd/img/2018/02/1519370446253_n3.jpg,캠브리지멤버스,"20대,30대",정장
332위,https://img.sta1.com/_up/brnd/img/2018/01/1516859919496_130*130.jpg,문수권세컨,"10대,20대,30대","디자이너,캐주얼"
333위,https://img.sta1.com/_up/brnd/img/2018/10/1539324665632_n3.jpg,오디너리피플,"20대,30대","디자이너,캐주얼"
334위,https://img.sta1.com/_up/brnd/img/2019/03/1552454085730_n3.jpg,인터메조,"20대,30대","캐주얼,정장"
335위,https://img.sta1.com/_up/brnd/img/2018/01/1516858289641_130*130.jpg,노베스타,"10대,20대,30대","디자이너,슈즈"
336위,https://img.sta1.com/_up/brnd/img/2018/02/1519370040451_n3.jpg,어텐션로우,"10대,20대,30대","스트릿·도매스틱,캐주얼"
337위,https://img.sta1.com/_up/brnd/img/2018/01/1516665900908_130*130.jpg,리모와,"20대,30대",가방
338위,https://img.sta1.com/_up/brnd/img/2018/02/1519371351043_n3.jpg,랩101,"10대,20대,30대","캐주얼,데님·Jean"
339위,https://img.sta1.com/_up/brnd/img/2018/04/1524627698217_n3.jpg,리에티,"10대,20대,30대",ACC·잡화
340위,https://img.sta1.com/_up/brnd/img/2018/02/1519370355051_n3.jpg,제너럴아이디어,"10대,20대,30대","디자이너,캐주얼"
341위,https://img.sta1.com/_up/brnd/img/2018/04/1524647567326_n3.jpg,알레그리,"20대,30대","캐주얼,정장"
342위,https://img.sta1.com/_up/brnd/img/2018/01/1516666701220_130*130.jpg,햇츠온,"10대,20대,30대",ACC·잡화
343위,https://img.sta1.com/_up/brnd/img/2018/06/1529282506553_n3.jpg,아파트먼트,"10대,20대","스트릿·도매스틱,캐주얼"
344위,https://img.sta1.com/_up/brand/2019/10/30/1572415864619-m.jpg,스테레오바이널즈,"10대,20대","스트릿·도매스틱,캐주얼"
345위,https://img.sta1.com/_up/brnd/img/2018/10/1539572812240_n3.jpg,잠뱅이,"10대,20대,30대","캐주얼,데님·Jean"
346위,https://img.sta1.com/_up/brnd/img/2018/01/1517273811665_130*130.jpg,오찌,"10대,20대,30대",슈즈
347위,https://img.sta1.com/_up/brnd/img/2018/10/1539834271534_n3.jpg,캐나다구스,"20대,30대",컨템포러리·명품
348위,https://img.sta1.com/_up/brnd/img/2018/04/1523860257268_n3.jpg,킬베로스,"10대,20대","스트릿·도매스틱,캐주얼"
349위,https://img.sta1.com/_up/brnd/img/2018/01/1516860044360_130*130.jpg,플래토,"10대,20대,30대",ACC·잡화
350위,https://img.sta1.com/_up/brnd/img/2018/01/1516665828100_130*130.jpg,락피쉬,"10대,20대,30대",슈즈
351위,https://img.sta1.com/_up/brnd/img/2019/04/1555914338163_n3.jpg,논디스클로즈,"10대,20대,30대","스트릿·도매스틱,캐주얼"
352위,https://img.sta1.com/_up/brnd/img/2018/04/1524109460990_n3.jpg,하레,"20대,30대",디자이너
353위,https://img.sta1.com/_up/brnd/img/2018/02/1517445780350_130*130.jpg,테바,"10대,20대,30대",슈즈
354위,https://img.sta1.com/_up/brnd/img/2018/01/1516755826396_130*130.jpg,콜한,"20대,30대",슈즈
355위,https://img.sta1.com/_up/brnd/img/2018/04/1523861433094_n3.jpg,퀵실버,"10대,20대,30대",스포츠
356위,https://img.sta1.com/_up/brnd/img/2018/01/1516858277702_130*130.jpg,네이키드니스,"10대,20대,30대",가방
357위,https://img.sta1.com/_up/brnd/img/2018/01/1516323877136_130*130.jpg,참스,"10대,20대,30대","디자이너,캐주얼"
358위,https://img.sta1.com/_up/brnd/img/2018/01/1516323679888_130*130.jpg,알파인더스트리,"10대,20대,30대","캐주얼,트래디셔널"
359위,https://img.sta1.com/_up/brnd/img/2018/02/1519370766746_n3.jpg,펜필드,"10대,20대,30대","스포츠,캐주얼"
360위,https://img.sta1.com/_up/brnd/img/2018/04/1523243693382_n3.jpg,오앤에이,"10대,20대","디자이너,캐주얼"
361위,https://img.sta1.com/_up/brnd/img/2018/01/1516323903740_130*130.jpg,카이아크만,"10대,20대,30대",캐주얼
362위,https://img.sta1.com/_up/brnd/img/2018/02/1517530188124_130*130.jpg,까르뱅,"10대,20대,30대",ACC·잡화
363위,https://img.sta1.com/_up/brnd/img/2018/11/1543566083748_n3.jpg,에스에스알엘,"10대,20대","디자이너,캐주얼"
364위,https://img.sta1.com/_up/brnd/img/2018/02/1519370836456_n3.jpg,프롬에이투비,"10대,20대,30대","스트릿·도매스틱,캐주얼"
365위,https://img.sta1.com/_up/brnd/img/2018/02/1519369467912_n3.jpg,바쏘,"20대,30대",정장
366위,https://img.sta1.com/_up/brnd/img/2018/01/1516858565185_130*130.jpg,어나더오피스,"20대,30대","스트릿·도매스틱,캐주얼"
367위,https://img.sta1.com/_up/brnd/img/2018/02/1519370485811_n3.jpg,커스텀어클락,"10대,20대,30대","디자이너,캐주얼"
368위,https://img.sta1.com/_up/brnd/img/2018/02/1519370911256_n3.jpg,필슨,"10대,20대,30대","가방,ACC·잡화"
369위,https://img.sta1.com/_up/brnd/img/2018/02/1519370886622_n3.jpg,필루미네이트,"10대,20대,30대","스트릿·도매스틱,캐주얼"
370위,https://img.sta1.com/_up/brnd/img/2018/01/1516755454253_130*130.jpg,보이런던,"20대,30대","스트릿·도매스틱,캐주얼"
371위,https://img.sta1.com/_up/brnd/img/2018/10/1540347906225_n3.jpg,베테제,"10대,20대","스트릿·도매스틱,캐주얼"
372위,https://img.sta1.com/_up/brnd/img/2018/08/1534757752132_n3.jpg,아웃도어프로덕트,"10대,20대,30대",캐주얼
373위,https://img.sta1.com/_up/brnd/img/2018/01/1517273293997_130*130.jpg,발리,"20대,30대","컨템포러리·명품,슈즈,가방"
374위,https://img.sta1.com/_up/brnd/img/2018/01/1516755810649_130*130.jpg,콜카,"10대,20대,30대",슈즈
375위,https://img.sta1.com/_up/brnd/img/2018/02/1519369696904_n3.jpg,스타터,"10대,20대,30대","스트릿·도매스틱,캐주얼"
376위,https://img.sta1.com/_up/brand/2019/10/29/1572329510499-m.jpg,다이아몬드레이라,"10대,20대,30대","디자이너,캐주얼"
377위,https://img.sta1.com/_up/brnd/img/2018/02/1519370582244_n3.jpg,크리스크리스티,"20대,30대","캐주얼,정장"
378위,https://img.sta1.com/_up/brnd/img/2018/01/1517306501236_130*130.jpg,익스클라메이션마크,"10대,20대,30대",가방
379위,https://img.sta1.com/_up/brnd/img/2018/02/1519372425607_n3.jpg,엠비오,"20대,30대",정장
380위,https://img.sta1.com/_up/brnd/img/2018/01/1516860023439_130*130.jpg,제이다울,"10대,20대,30대","디자이너,슈즈"
381위,https://img.sta1.com/_up/brnd/img/2018/10/1539660607407_n3.jpg,스테판크리스티앙,"20대,30대",ACC·잡화
382위,https://img.sta1.com/_up/brnd/img/2018/01/1516666306132_130*130.jpg,이엑스알,"10대,20대,30대",스포츠
383위,https://img.sta1.com/_up/brand/2019/10/29/1572329754698-m.jpg,미뇽네프,"10대,20대","디자이너,캐주얼"
384위,https://img.sta1.com/_up/brnd/img/2018/10/1539671426243_n3.jpg,본챔스,"10대,20대","디자이너,캐주얼"
385위,https://img.sta1.com/_up/brnd/img/2018/01/1517273542844_130*130.jpg,빌라봉,"10대,20대,30대",스포츠
386위,https://img.sta1.com/_up/brnd/img/2018/10/1540347941818_n3.jpg,얀13,"10대,20대,30대","디자이너,캐주얼"
387위,https://img.sta1.com/_up/brnd/img/2018/02/1519370237703_n3.jpg,이스트쿤스트,"10대,20대,30대","디자이너,캐주얼"
388위,https://img.sta1.com/_up/brand/2019/08/09/1565320210394-m.jpg,잭앤질,"10대,20대,30대",캐주얼
389위,https://img.sta1.com/_up/brnd/img/2018/01/1516755316519_130*130.jpg,디아도라,"10대,20대,30대",슈즈
390위,https://img.sta1.com/_up/brnd/img/2018/01/1516080607482_130*130.jpg,노비스,"20대,30대","컨템포러리·명품,ACC·잡화"
391위,https://img.sta1.com/_up/brnd/img/2018/02/1517445816345_130*130.jpg,프레리,"10대,20대","디자이너,캐주얼"
392위,https://img.sta1.com/_up/brnd/img/2018/02/1519371060269_n3.jpg,가먼트레이블,"10대,20대,30대",캐주얼
393위,https://img.sta1.com/_up/brnd/img/2018/01/1516755614040_130*130.jpg,언리미트,"10대,20대","스트릿·도매스틱,캐주얼"
394위,https://img.sta1.com/_up/brnd/img/2018/02/1518502080986_130*130.jpg,제멋,"10대,20대,30대","스트릿·도매스틱,캐주얼"
395위,https://img.sta1.com/_up/brnd/img/2018/01/1517273777617_130*130.jpg,에스콰이아,"20대,30대",슈즈
396위,https://img.sta1.com/_up/brnd/img/2018/02/1519369589445_n3.jpg,브라운브레스,"10대,20대,30대","스트릿·도매스틱,캐주얼"
397위,https://img.sta1.com/_up/brnd/img/2018/02/1519369981286_n3.jpg,아임낫어휴먼비잉,"10대,20대,30대","스트릿·도매스틱,캐주얼"
398위,https://img.sta1.com/_up/brnd/img/2018/01/1516755557609_130*130.jpg,세컨드유니크네임,"10대,20대,30대","디자이너,ACC·잡화"
399위,https://img.sta1.com/_up/brnd/img/2018/02/1519372726897_n3.jpg,홀리선,"20대,30대","디자이너,캐주얼"
400위,https://img.sta1.com/_up/brnd/img/2018/01/1517273209651_130*130.jpg,르꼬끄골프,"20대,30대","스포츠,골프·아웃도어"
401위,https://img.sta1.com/_up/brnd/img/2018/01/1516234945550_130*130.jpg,맥케이지,"20대,30대",컨템포러리·명품
402위,https://img.sta1.com/_up/brnd/img/2018/10/1540348018611_n3.jpg,엘리오티,"10대,20대","디자이너,캐주얼"
403위,https://img.sta1.com/_up/brnd/img/2018/02/1519372524345_n3.jpg,제이리움,"20대,30대","디자이너,캐주얼"
404위,https://img.sta1.com/_up/brnd/img/2018/02/1519369684791_n3.jpg,세인트페인,"10대,20대,30대","스트릿·도매스틱,캐주얼"
405위,https://img.sta1.com/_up/brnd/img/2018/01/1517273989445_130*130.jpg,포체,"10대,20대,30대",ACC·잡화
406위,https://img.sta1.com/_up/brnd/img/2018/02/1519369036897_n3.jpg,86로드,"10대,20대,30대","디자이너,데님·Jean"
407위,https://img.sta1.com/_up/brnd/img/2018/01/1516666635255_130*130.jpg,팔라디움,"20대,30대",슈즈
408위,https://img.sta1.com/_up/brand/2020/01/07/1578379474502-m.jpg,핸스,"10대,20대","디자이너,캐주얼"
409위,https://img.sta1.com/_up/brnd/img/2018/08/1534229061698_n3.jpg,르마스카,"10대,20대,30대","디자이너,ACC·잡화"
410위,https://img.sta1.com/_up/brnd/img/2018/06/1530059422373_n1.jpg,로얄라이프,"10대,20대","스트릿·도매스틱,캐주얼"
411위,https://img.sta1.com/_up/brnd/img/2018/02/1519369224877_n3.jpg,로스코,"10대,20대,30대","스포츠,캐주얼"
412위,https://img.sta1.com/_up/brnd/img/2018/04/1523243683193_n3.jpg,로아드로아,"10대,20대",가방
413위,https://img.sta1.com/_up/brnd/img/2018/02/1518078561856_130*130.jpg,아르마니익스체인지,"20대,30대","캐주얼,컨템포러리·명품"
414위,https://img.sta1.com/_up/brnd/img/2018/01/1517273859299_130*130.jpg,이티스,"10대,20대,30대",슈즈
415위,https://img.sta1.com/_up/brnd/img/2018/02/1519371280055_n3.jpg,디올옴므,"20대,30대","컨템포러리·명품,정장"
416위,https://img.sta1.com/_up/brnd/img/2018/01/1517306258384_130*130.jpg,아비루즈,"10대,20대,30대",ACC·잡화
417위,https://img.sta1.com/_up/brnd/img/2018/02/1519372447632_n3.jpg,와일드브릭스,"10대,20대,30대","디자이너,ACC·잡화"
418위,https://img.sta1.com/_up/brnd/img/2018/02/1518077627696_130*130.jpg,리올그,"10대,20대","디자이너,캐주얼"
419위,https://img.sta1.com/_up/brnd/img/2018/07/1531898111907_n3.jpg,마틴로즈,"20대,30대",컨템포러리·명품
420위,https://img.sta1.com/_up/brnd/img/2018/02/1517530773058_130*130.jpg,알쉬미스트,"10대,20대,30대","디자이너,캐주얼"
421위,https://img.sta1.com/_up/brnd/img/2018/02/1517445889103_130*130.jpg,핍스,"10대,20대",가방
422위,https://img.sta1.com/_up/brnd/img/2018/04/1524627994088_n3.jpg,스카겐,"10대,20대,30대",ACC·잡화
423위,https://img.sta1.com/_up/brnd/img/2019/04/1555914281331_n3.jpg,립앤딥,"10대,20대,30대","스트릿·도매스틱,캐주얼"
424위,https://img.sta1.com/_up/brnd/img/2018/01/1516859957851_130*130.jpg,슬리피존스,"10대,20대,30대",언더웨어
425위,https://img.sta1.com/_up/brnd/img/2018/02/1519370623141_n3.jpg,타운젠트,"20대,30대",정장
426위,https://img.sta1.com/_up/brnd/img/2018/02/1519371386719_n3.jpg,레이든,"10대,20대","스트릿·도매스틱,캐주얼"
427위,https://img.sta1.com/_up/brnd/img/2018/01/1516323752687_130*130.jpg,에르노,"20대,30대",컨템포러리·명품
428위,https://img.sta1.com/_up/brnd/img/2018/02/1519370409638_n3.jpg,지플리시,"10대,20대","디자이너,캐주얼"
429위,https://img.sta1.com/_up/brnd/img/2018/01/1517273791545_130*130.jpg,에이치블레이드,"10대,20대","디자이너,캐주얼"
430위,https://img.sta1.com/_up/brnd/img/2018/04/1523324834853_n3.jpg,해비즘,"10대,20대","디자이너,캐주얼"
431위,https://img.sta1.com/_up/brnd/img/2018/01/1516858554238_130*130.jpg,알렌느,"10대,20대,30대","디자이너,캐주얼"
432위,https://img.sta1.com/_up/brnd/img/2018/10/1539572510585_n3.jpg,매드마르스,"10대,20대,30대","디자이너,캐주얼"
433위,https://img.sta1.com/_up/brnd/img/2018/02/1519370188537_n3.jpg,오베르,"10대,20대,30대","스트릿·도매스틱,캐주얼"
434위,https://img.sta1.com/_up/brnd/img/2018/01/1516858612955_130*130.jpg,오프닝세레모니,"20대,30대","컨템포러리·명품,슈즈,가방"
435위,https://img.sta1.com/_up/brnd/img/2018/01/1517306232433_130*130.jpg,써틴먼스,"10대,20대,30대","디자이너,캐주얼"
436위,https://img.sta1.com/_up/brnd/img/2018/02/1518077686915_130*130.jpg,만지,"10대,20대,30대","디자이너,캐주얼"
437위,https://img.sta1.com/_up/brnd/img/2018/07/1531113320103_n3.jpg,펀치라인,"10대,20대","스트릿·도매스틱,캐주얼"
438위,https://img.sta1.com/_up/brnd/img/2018/08/1534757776497_n3.jpg,칸코,"10대,20대","스트릿·도매스틱,캐주얼"
439위,https://img.sta1.com/_up/brnd/img/2018/02/1519369936210_n3.jpg,아스페시,"20대,30대","캐주얼,트래디셔널"
440위,https://img.sta1.com/_up/brnd/img/2018/02/1519372047449_n3.jpg,아미리,"20대,30대","데님·Jean,컨템포러리·명품"
441위,https://img.sta1.com/_up/brnd/img/2018/02/1519371590121_n3.jpg,베나코앤폰타나,"20대,30대","캐주얼,정장"
442위,https://img.sta1.com/_up/brnd/img/2019/06/1559614047245_n3.jpg,세컨아이즈,"10대,20대,30대",ACC·잡화
443위,https://img.sta1.com/_up/brnd/img/2018/01/1516755911161_130*130.jpg,프라이노크,"10대,20대","디자이너,캐주얼"
444위,https://img.sta1.com/_up/brnd/img/2018/02/1519372677174_n3.jpg,피스피스,"10대,20대","스트릿·도매스틱,캐주얼"
445위,https://img.sta1.com/_up/brnd/img/2018/08/1534228997720_n3.jpg,아조바이아조,"10대,20대,30대","스트릿·도매스틱,캐주얼"
446위,https://img.sta1.com/_up/brnd/img/2018/02/1519370952971_n3.jpg,허프,"10대,20대","스트릿·도매스틱,캐주얼"
447위,https://img.sta1.com/_up/brnd/img/2018/01/1516755603136_130*130.jpg,어널로이드,"10대,20대","디자이너,캐주얼"
448위,https://img.sta1.com/_up/brnd/img/2018/02/1519371609825_n3.jpg,벨스타프,"20대,30대","캐주얼,트래디셔널"
449위,https://img.sta1.com/_up/brnd/img/2018/02/1519372323679_n3.jpg,언더컨트롤,"10대,20대,30대",ACC·잡화
450위,https://img.sta1.com/_up/brnd/img/2018/02/1519369413360_n3.jpg,몬스터리퍼블릭,"10대,20대,30대","가방,ACC·잡화"
451위,https://img.sta1.com/_up/brnd/img/2018/01/1517305992454_130*130.jpg,돔바,"10대,20대,30대",슈즈
452위,https://img.sta1.com/_up/brand/2019/10/29/1572329373747-m.jpg,노이커먼,"10대,20대","디자이너,캐주얼"
453위,https://img.sta1.com/_up/brnd/img/2018/04/1523861177275_n3.jpg,펠틱스,"10대,20대,30대","스트릿·도매스틱,캐주얼"
454위,https://img.sta1.com/_up/brnd/img/2018/10/1539241785058_n3.jpg,엠피큐,"10대,20대,30대","디자이너,캐주얼"
455위,https://img.sta1.com/_up/brnd/img/2018/02/1519370425724_n3.jpg,카네브로스,"10대,20대","스트릿·도매스틱,캐주얼"
456위,https://img.sta1.com/_up/brnd/img/2018/01/1517306337685_130*130.jpg,애드미럴,"10대,20대,30대",슈즈
457위,https://img.sta1.com/_up/brnd/img/2018/10/1539572744095_n3.jpg,어반디타입,"10대,20대","디자이너,캐주얼"
458위,https://img.sta1.com/_up/brnd/img/2018/02/1519369303158_n3.jpg,매스노운,"10대,20대,30대","스트릿·도매스틱,캐주얼"
459위,https://img.sta1.com/_up/brnd/img/2018/02/1519369083501_n3.jpg,니들워크,"10대,20대,30대","스트릿·도매스틱,캐주얼"
460위,https://img.sta1.com/_up/brnd/img/2018/08/1534757724672_n3.jpg,아메스,"10대,20대","스트릿·도매스틱,캐주얼"
461위,https://img.sta1.com/_up/brnd/img/2018/01/1516860066756_130*130.jpg,피에프플라이어스,"10대,20대,30대",슈즈
462위,https://img.sta1.com/_up/brnd/img/2018/01/1516859928503_130*130.jpg,뮤토,"10대,20대,30대",가방
463위,https://img.sta1.com/_up/brnd/img/2018/02/1517445878416_130*130.jpg,피에르하디,"20대,30대","컨템포러리·명품,슈즈,가방"
464위,https://img.sta1.com/_up/brnd/img/2018/02/1518077558523_130*130.jpg,레이어유니온,"10대,20대","스트릿·도매스틱,캐주얼"
465위,https://img.sta1.com/_up/brnd/img/2018/02/1519370160208_n3.jpg,오노레,"10대,20대,30대",언더웨어
466위,https://img.sta1.com/_up/brnd/img/2018/01/1517273591442_130*130.jpg,스튜디오콘크리트,"10대,20대","디자이너,캐주얼"
467위,https://img.sta1.com/_up/brnd/img/2018/01/1517273956772_130*130.jpg,트렁크프로젝트,"10대,20대,30대","디자이너,캐주얼"
468위,https://img.sta1.com/_up/brnd/img/2018/02/1519371624516_n3.jpg,불레또,"10대,20대,30대","디자이너,ACC·잡화"
469위,https://img.sta1.com/_up/brnd/img/2018/01/1517306176897_130*130.jpg,사쿤,"10대,20대","스트릿·도매스틱,캐주얼"
470위,https://img.sta1.com/_up/brnd/img/2018/10/1539572863689_n3.jpg,텐블레이드,"10대,20대","디자이너,캐주얼"
471위,https://img.sta1.com/_up/brnd/img/2018/02/1519370011112_n3.jpg,어반스터프,"10대,20대","스트릿·도매스틱,캐주얼"
472위,https://img.sta1.com/_up/brnd/img/2018/02/1518077961417_130*130.jpg,수이코크,"10대,20대,30대",슈즈
473위,https://img.sta1.com/_up/brnd/img/2018/01/1517306487089_130*130.jpg,이에스엔,"10대,20대","스트릿·도매스틱,캐주얼"
474위,https://img.sta1.com/_up/brnd/img/2018/02/1517530848267_130*130.jpg,얼킨,"10대,20대,30대","디자이너,가방"
475위,https://img.sta1.com/_up/brnd/img/2018/05/1526354783944_n3.jpg,어나더유스,"10대,20대","디자이너,캐주얼"
476위,https://img.sta1.com/_up/brnd/img/2018/01/1516755239327_130*130.jpg,뉴해빗,"10대,20대","디자이너,캐주얼"
477위,https://img.sta1.com/_up/brnd/img/2018/02/1518078992095_130*130.jpg,차코,"10대,20대,30대",슈즈
478위,https://img.sta1.com/_up/brnd/img/2018/02/1517530249599_130*130.jpg,디바이디그낙,"10대,20대,30대","디자이너,캐주얼"
479위,https://img.sta1.com/_up/brnd/img/2018/04/1524647731970_n3.jpg,브아빗,"10대,20대,30대","디자이너,캐주얼"
480위,https://img.sta1.com/_up/brand/2019/10/30/1572414988628-m.jpg,네스티팜,"10대,20대,30대","스트릿·도매스틱,캐주얼"
481위,https://img.sta1.com/_up/brnd/img/2018/10/1539671175370_n3.jpg,5252바이오아이오아이,"10대,20대,30대","디자이너,캐주얼"
482위,https://img.sta1.com/_up/brnd/img/2018/02/1519369056376_n3.jpg,기어쓰리,"10대,20대,30대","디자이너,가방"
483위,https://img.sta1.com/_up/brnd/img/2018/07/1532412358598_n3.jpg,디프리크,"10대,20대","디자이너,캐주얼"
484위,https://img.sta1.com/_up/brnd/img/2018/11/1541722650051_n3.jpg,프룻오브더룸,"10대,20대,30대","디자이너,캐주얼"
485위,https://img.sta1.com/_up/brnd/img/2018/02/1519371910427_n3.jpg,스탠다드커브,"10대,20대","스트릿·도매스틱,캐주얼"
486위,https://img.sta1.com/_up/brnd/img/2018/02/1518502280935_130*130.jpg,퍼스텝,"10대,20대","디자이너,캐주얼"
487위,https://img.sta1.com/_up/brnd/img/2018/01/1516859968889_130*130.jpg,시디스콤마,"10대,20대","디자이너,캐주얼"
488위,https://img.sta1.com/_up/brnd/img/2018/02/1517445429217_130*130.jpg,벤크,"10대,20대,30대",가방
489위,https://img.sta1.com/_up/brnd/img/2018/02/1519369669814_n3.jpg,블라인드니스,"10대,20대,30대","디자이너,캐주얼"
490위,https://img.sta1.com/_up/brnd/img/2018/02/1519369623957_n3.jpg,브렌슨,"10대,20대,30대","스트릿·도매스틱,캐주얼"
491위,https://img.sta1.com/_up/brand/2020/01/09/1578547485324-m.jpg,마르시오디에고,"20대,30대",정장
492위,https://img.sta1.com/_up/brand/2019/10/30/1572416521719-m.jpg,필이너프,"10대,20대","디자이너,캐주얼"
493위,https://img.sta1.com/_up/brnd/img/2018/02/1517530504873_130*130.jpg,밀로그램,"10대,20대,30대","디자이너,캐주얼"
494위,https://img.sta1.com/_up/brnd/img/2018/02/1518077306030_130*130.jpg,논논,"10대,20대,30대","디자이너,ACC·잡화"
495위,https://img.sta1.com/_up/brnd/img/2018/02/1519372615922_n3.jpg,큐티에잇,"10대,20대","스트릿·도매스틱,캐주얼"
496위,https://img.sta1.com/_up/brnd/img/2018/01/1516858311534_130*130.jpg,누마레,"10대,20대,30대","디자이너,캐주얼"
497위,https://img.sta1.com/_up/brnd/img/2018/02/1518077420202_130*130.jpg,디얼스,"10대,20대,30대",가방
498위,https://img.sta1.com/_up/brnd/img/2018/02/1517530455794_130*130.jpg,뮤지크,"10대,20대,30대",ACC·잡화
499위,https://img.sta1.com/_up/brnd/img/2018/02/1519371369125_n3.jpg,러기드하우스,"10대,20대,30대","디자이너,캐주얼"
500위,https://img.sta1.com/_up/brnd/img/2018/10/1539572301948_n3.jpg,그리쉬,"10대,20대","디자이너,캐주얼"
501위,https://img.sta1.com/_up/brnd/img/2018/01/1517273314013_130*130.jpg,버빌리안,"10대,20대,30대",가방
502위,https://img.sta1.com/_up/brnd/img/2018/02/1519371717790_n3.jpg,비비엠,"10대,20대,30대",ACC·잡화
503위,https://img.sta1.com/_up/brnd/img/2018/01/1517273929757_130*130.jpg,테일러스튜디오,"10대,20대","디자이너,캐주얼"
504위,https://img.sta1.com/_up/brnd/img/2018/02/1518501959302_130*130.jpg,엔조블루스,"10대,20대","디자이너,캐주얼"
505위,https://img.sta1.com/_up/brnd/img/2018/02/1519372603739_n3.jpg,코너스,"10대,20대,30대","디자이너,캐주얼"
506위,https://img.sta1.com/_up/brnd/img/2018/02/1519371438534_n3.jpg,매닉,"10대,20대,30대","디자이너,캐주얼"
507위,https://img.sta1.com/_up/brnd/img/2018/01/1516858672376_130*130.jpg,치스윅,"10대,20대,30대",슈즈
508위,https://img.sta1.com/_up/brnd/img/2018/04/1524627835631_n3.jpg,뷔엘,"20대,30대","디자이너,캐주얼"
509위,https://img.sta1.com/_up/brnd/img/2018/02/1519372690729_n3.jpg,피치블랙,"10대,20대","스트릿·도매스틱,캐주얼"
510위,https://img.sta1.com/_up/brnd/img/2018/01/1516755364579_130*130.jpg,리플레이컨테이너,"10대,20대","디자이너,캐주얼"
511위,https://img.sta1.com/_up/brnd/img/2018/01/1516323588149_130*130.jpg,소렐,"10대,20대,30대",슈즈
512위,https://img.sta1.com/_up/brnd/img/2018/02/1518077605372_130*130.jpg,리끌로우,"10대,20대,30대",ACC·잡화
513위,https://img.sta1.com/_up/brnd/img/2018/02/1518501924369_130*130.jpg,에칸,"10대,20대,30대",슈즈
514위,https://img.sta1.com/_up/brnd/img/2018/02/1519372738890_n3.jpg,후드바이에어,"20대,30대","스트릿·도매스틱,캐주얼"
515위,https://img.sta1.com/_up/brnd/img/2018/02/1519371955570_n3.jpg,스팅925,"10대,20대,30대","디자이너,ACC·잡화"
516위,https://img.sta1.com/_up/brnd/img/2018/02/1517445845506_130*130.jpg,플레이몬스터,"10대,20대","스트릿·도매스틱,캐주얼"
517위,https://img.sta1.com/_up/brnd/img/2018/02/1517802478380_130*130.jpg,젠치,"20대,30대",슈즈
518위,https://img.sta1.com/_up/brnd/img/2018/04/1524468755547_n3.jpg,제이브랜드,"10대,20대,30대","데님·Jean,컨템포러리·명품"
519위,https://img.sta1.com/_up/brnd/img/2018/02/1519372664371_n3.jpg,팔공팔,"10대,20대,30대","디자이너,캐주얼"
520위,https://img.sta1.com/_up/brnd/img/2018/08/1534757617361_n3.jpg,타게토,"10대,20대,30대","디자이너,캐주얼"
521위,https://img.sta1.com/_up/brnd/img/2018/02/1517445534499_130*130.jpg,써드위브,"10대,20대","디자이너,캐주얼"
522위,https://img.sta1.com/_up/brnd/img/2018/01/1517273132337_130*130.jpg,깅엄버스,"10대,20대","디자이너,캐주얼"
523위,https://img.sta1.com/_up/brnd/img/2018/10/1539671530565_n3.jpg,아르마니진,"20대,30대","캐주얼,데님·Jean,컨템포러리·명품"
524위,https://img.sta1.com/_up/brnd/img/2018/02/1519369491229_n3.jpg,발루트,"10대,20대,30대","스트릿·도매스틱,캐주얼"
525위,https://img.sta1.com/_up/brnd/img/2018/01/1517273233450_130*130.jpg,르버앤코,"10대,20대,30대","가방,ACC·잡화"
526위,https://img.sta1.com/_up/brnd/img/2018/02/1519371457339_n3.jpg,맥베리,"10대,20대,30대",ACC·잡화
527위,https://img.sta1.com/_up/brnd/img/2018/10/1539572488360_n3.jpg,레이븐티얼스,"10대,20대,30대",ACC·잡화
528위,https://img.sta1.com/_up/brnd/img/2018/02/1517802403708_130*130.jpg,유니온오브제,"10대,20대","디자이너,가방"
529위,https://img.sta1.com/_up/brand/2019/10/30/1572416574381-m.jpg,플리온,"10대,20대","디자이너,캐주얼"
530위,https://img.sta1.com/_up/brnd/img/2018/02/1517445575185_130*130.jpg,아키아,"10대,20대","스트릿·도매스틱,캐주얼"
531위,https://img.sta1.com/_up/brnd/img/2018/02/1518501847197_130*130.jpg,알비에로마르티니,"20대,30대",컨템포러리·명품
532위,https://img.sta1.com/_up/brnd/img/2018/02/1519371078963_n3.jpg,고저,"10대,20대,30대","스트릿·도매스틱,캐주얼"
533위,https://img.sta1.com/_up/brnd/img/2018/02/1517530422504_130*130.jpg,모노노,"10대,20대,30대","디자이너,가방"
534위,https://img.sta1.com/_up/brnd/img/2018/02/1518502164703_130*130.jpg,존피터,"10대,20대,30대",가방
535위,https://img.sta1.com/_up/brnd/img/2018/02/1517445637349_130*130.jpg,언아웃핏,"10대,20대","디자이너,캐주얼"
536위,https://img.sta1.com/_up/brnd/img/2018/04/1522820156379_n3.jpg,206옴므,"20대,30대","디자이너,캐주얼"
537위,https://img.sta1.com/_up/brnd/img/2018/02/1517802708499_130*130.jpg,업스케일,"10대,20대","디자이너,캐주얼"
538위,https://img.sta1.com/_up/brand/2019/11/19/1574131371728-m.jpg,이십오퍼센테이지,"10대,20대","디자이너,캐주얼"
539위,https://img.sta1.com/_up/brnd/img/2018/02/1518077430352_130*130.jpg,딤에크레스,"10대,20대,30대","디자이너,캐주얼"
540위,https://img.sta1.com/_up/brnd/img/2018/04/1522820441464_n3.jpg,효지노리코,"10대,20대","디자이너,캐주얼"
541위,https://img.sta1.com/_up/brnd/img/2018/02/1519372410083_n3.jpg,엑스톤즈,"10대,20대,30대","스트릿·도매스틱,캐주얼"
542위,https://img.sta1.com/_up/brnd/img/2018/06/1529047465562_n3.jpg,뉴킷,"10대,20대","캐주얼,ACC·잡화"
543위,https://img.sta1.com/_up/brnd/img/2018/02/1519369650205_n3.jpg,블라드블라디스,"10대,20대,30대","디자이너,캐주얼"
544위,https://img.sta1.com/_up/brnd/img/2018/02/1517530822710_130*130.jpg,어패럴싯,"10대,20대,30대","스트릿·도매스틱,캐주얼"
545위,https://img.sta1.com/_up/brnd/img/2018/02/1517802549778_130*130.jpg,발란트,"10대,20대","스트릿·도매스틱,캐주얼"
546위,https://img.sta1.com/_up/brnd/img/2018/01/1516858468124_130*130.jpg,베이직코튼,"10대,20대","디자이너,캐주얼"
547위,https://img.sta1.com/_up/brnd/img/2018/02/1517802674865_130*130.jpg,앤오와이비,"10대,20대","디자이너,캐주얼"
548위,https://img.sta1.com/_up/brnd/img/2018/02/1517530915206_130*130.jpg,캔리프,"10대,20대","디자이너,캐주얼"
549위,https://img.sta1.com/_up/brnd/img/2018/02/1518077252063_130*130.jpg,골라클래식,"10대,20대,30대","슈즈,가방"
550위,https://img.sta1.com/_up/brnd/img/2018/02/1517445716430_130*130.jpg,칩먼데이,"10대,20대,30대","캐주얼,데님·Jean"
551위,https://img.sta1.com/_up/brnd/img/2018/10/1539572847676_n3.jpg,카미노스트릿,"10대,20대","디자이너,캐주얼"
552위,https://img.sta1.com/_up/brnd/img/2018/01/1517273170812_130*130.jpg,드하모니,"10대,20대,30대","디자이너,슈즈"
553위,https://img.sta1.com/_up/brnd/img/2018/04/1524647523912_n3.jpg,모티패스트,"10대,20대,30대","스트릿·도매스틱,캐주얼"
554위,https://img.sta1.com/_up/brnd/img/2018/10/1539572916906_n3.jpg,페퍼시즈닝,"10대,20대","디자이너,캐주얼"
555위,https://img.sta1.com/_up/brnd/img/2018/09/1537254949926_n3.jpg,트립르센스,"10대,20대","디자이너,캐주얼"
556위,https://img.sta1.com/_up/brnd/img/2018/02/1519369515150_n3.jpg,밴웍스,"10대,20대,30대","스트릿·도매스틱,캐주얼"
557위,https://img.sta1.com/_up/brnd/img/2018/02/1518077828436_130*130.jpg,비브이에이치,"10대,20대,30대",ACC·잡화
558위,https://img.sta1.com/_up/brnd/img/2018/02/1519372395699_n3.jpg,엑스엑스아이엑스,"10대,20대,30대","스트릿·도매스틱,캐주얼"
559위,https://img.sta1.com/_up/brnd/img/2018/09/1536571461042_n3.jpg,에스토,"10대,20대","디자이너,캐주얼"
560위,https://img.sta1.com/_up/brnd/img/2018/02/1519371233908_n3.jpg,드리프트아웃,"10대,20대","스트릿·도매스틱,캐주얼"
561위,https://img.sta1.com/_up/brnd/img/2018/01/1516582069261_130*130.jpg,울리치,"20대,30대",컨템포러리·명품
562위,https://img.sta1.com/_up/brnd/img/2018/02/1519371146455_n3.jpg,내셔널퍼블리시티,"10대,20대,30대","가방,ACC·잡화"
563위,https://img.sta1.com/_up/brnd/img/2018/01/1516755506208_130*130.jpg,비에스래빗,"10대,20대","스트릿·도매스틱,캐주얼"
564위,https://img.sta1.com/_up/brnd/img/2018/04/1524647580965_n3.jpg,언더에어,"20대,30대","디자이너,캐주얼"
565위,https://img.sta1.com/_up/brnd/img/2018/02/1519372460885_n3.jpg,유니스디자인,"10대,20대","스트릿·도매스틱,캐주얼"
566위,https://img.sta1.com/_up/brnd/img/2018/02/1519372013284_n3.jpg,쏘우클래식,"10대,20대,30대","스트릿·도매스틱,캐주얼"
567위,https://img.sta1.com/_up/brnd/img/2018/02/1519371879597_n3.jpg,스웰맙,"10대,20대,30대","스트릿·도매스틱,캐주얼"
568위,https://img.sta1.com/_up/brnd/img/2018/02/1519369114525_n3.jpg,데어로에,"10대,20대,30대","디자이너,캐주얼"
569위,https://img.sta1.com/_up/brnd/img/2018/02/1517445701049_130*130.jpg,지플랫,"10대,20대","디자이너,가방"
570위,https://img.sta1.com/_up/brnd/img/2018/02/1519371523763_n3.jpg,밀리어네어햇,"10대,20대,30대","디자이너,ACC·잡화"
571위,https://img.sta1.com/_up/brnd/img/2018/01/1517306216393_130*130.jpg,소윙바운더리스,"10대,20대","디자이너,캐주얼"
572위,https://img.sta1.com/_up/brnd/img/2018/02/1519371333197_n3.jpg,디플로우,"10대,20대","스트릿·도매스틱,캐주얼"
573위,https://img.sta1.com/_up/brnd/img/2018/02/1519369920833_n3.jpg,아몬무브먼트,"20대,30대","디자이너,슈즈"
574위,https://img.sta1.com/_up/brnd/img/2018/08/1534757650442_n3.jpg,인디고칠드런,"10대,20대",캐주얼
575위,https://img.sta1.com/_up/brnd/img/2018/02/1519371070290_n3.jpg,게인스보로,"10대,20대,30대","스트릿·도매스틱,캐주얼"
576위,https://img.sta1.com/_up/brand/2019/10/29/1572329830661-m.jpg,덕다이브,"10대,20대,30대","스트릿·도매스틱,캐주얼"
577위,https://img.sta1.com/_up/brnd/img/2018/02/1517802544733_130*130.jpg,페이스커넥션,"20대,30대","데님·Jean,컨템포러리·명품"
578위,https://img.sta1.com/_up/brnd/img/2018/02/1519372028653_n3.jpg,아르모,"10대,20대,30대","디자이너,ACC·잡화"
579위,https://img.sta1.com/_up/brnd/img/2018/02/1517530197292_130*130.jpg,노나곤,"20대,30대","스트릿·도매스틱,캐주얼"
580위,https://img.sta1.com/_up/brnd/img/2018/02/1518502038672_130*130.jpg,유니버셜케미스트리,"10대,20대,30대","디자이너,ACC·잡화"
581위,https://img.sta1.com/_up/brnd/img/2018/02/1517802534550_130*130.jpg,티유케이,"10대,20대,30대",슈즈
582위,https://img.sta1.com/_up/brnd/img/2018/02/1517530965904_130*130.jpg,티허드,"10대,20대,30대",슈즈
583위,https://img.sta1.com/_up/brnd/img/2018/02/1517802515333_130*130.jpg,메타퍼,"10대,20대","디자이너,캐주얼"
584위,https://img.sta1.com/_up/brnd/img/2018/02/1517802417049_130*130.jpg,유베스코,"10대,20대","스트릿·도매스틱,캐주얼"
585위,https://img.sta1.com/_up/brnd/img/2018/08/1534757571836_n3.jpg,패티즘,"10대,20대","스트릿·도매스틱,캐주얼"
586위,https://img.sta1.com/_up/brnd/img/2018/02/1519372473823_n3.jpg,유니어패럴,"10대,20대","스트릿·도매스틱,캐주얼"
587위,https://img.sta1.com/_up/brnd/img/2018/02/1517530604781_130*130.jpg,센셀렉트,"10대,20대,30대",ACC·잡화
588위,https://img.sta1.com/_up/brnd/img/2018/01/1517306018228_130*130.jpg,럭키플래닛,"10대,20대,30대",가방
589위,https://img.sta1.com/_up/brand/2019/10/15/1571122912605-m.jpg,디클립,"10대,20대,30대","디자이너,데님·Jean"
590위,https://img.sta1.com/_up/brand/2019/10/29/1572329264289-m.jpg,옴펨,"10대,20대,30대","스트릿·도매스틱,캐주얼"
591위,https://img.sta1.com/_up/brnd/img/2018/02/1518077459384_130*130.jpg,라피즈센시블레,"10대,20대,30대",ACC·잡화
592위,https://img.sta1.com/_up/brnd/img/2018/02/1517445492891_130*130.jpg,살롱드서울,"10대,20대,30대","디자이너,캐주얼"
593위,https://img.sta1.com/_up/brnd/img/2018/02/1518078780502_130*130.jpg,언티지,"10대,20대,30대","디자이너,캐주얼"
594위,https://img.sta1.com/_up/brnd/img/2018/02/1519372590682_n3.jpg,지아니루포,"10대,20대,30대",캐주얼
595위,https://img.sta1.com/_up/brnd/img/2018/02/1517802558617_130*130.jpg,비엘씨브랜드,"10대,20대,30대",가방
596위,https://img.sta1.com/_up/brnd/img/2018/02/1517445765173_130*130.jpg,클리프웨어,"10대,20대","디자이너,캐주얼"
597위,https://img.sta1.com/_up/brnd/img/2018/02/1518502195447_130*130.jpg,코케트스튜디오,"10대,20대","디자이너,캐주얼"
598위,https://img.sta1.com/_up/brnd/img/2018/09/1536571476715_n3.jpg,뱅크투브라더스,"10대,20대,30대","스트릿·도매스틱,캐주얼"
599위,https://img.sta1.com/_up/brnd/img/2018/02/1518077781614_130*130.jpg,백스인백,"10대,20대,30대",가방
600위,https://img.sta1.com/_up/brnd/img/2018/02/1519372484113_n3.jpg,유즈드퓨처,"10대,20대","스트릿·도매스틱,캐주얼"
